temple_name,address,prefecture,latitude,longitude,maps_url,regions
(株)砂糖傳増尾商店 本店,"10 Gangojicho, Nara, 630-8332, Japan",Nara,34.6755374,135.8303999,http://maps.google.com/?cid=8587948055724346998,Nara
551 Horai,"Japan, 〒600-8215 Kyoto, Shimogyo Ward, Higashishiokojicho, JR京都駅ビル 内2F ASTY SQUARE",Kyoto,34.9844444,135.7584342,http://maps.google.com/?cid=15207337488380484412,Kyoto
A Happy Pancake,"42-1 Osaki, Awaji, Hyogo 656-1501, Japan",Hyogo,34.5131512,134.8695311,http://maps.google.com/?cid=13608486197621314830,Hyogo
A Tes Souhaits,"Japan, 〒180-0002 Tokyo, Musashino, Kichijoji Higashicho, 3 Chome−8−8 カーサ吉祥寺２ カサ吉祥寺2",Tokyo,35.7090348,139.5907228,http://maps.google.com/?cid=1439915810556612163,Tokyo
ADERERROR Tokyo Space,"4 Chome-25-24 Jingumae, Shibuya, Tokyo 150-0001, Japan",Tokyo,35.6683864,139.7074718,http://maps.google.com/?cid=7246000251634486727,Tokyo
AKEMI CAKE LABO,"Japan, 〒154-0021 Tokyo, Setagaya City, Gotokuji, 1 Chome−5−4 1F",Tokyo,35.6504929,139.6471263,http://maps.google.com/?cid=16423604607668820459,Tokyo
AMORE Omotesando,"5 Chome-1-15 Jingumae, Shibuya, Tokyo 150-0001, Japan",Tokyo,35.6656088,139.7094719,http://maps.google.com/?cid=18070550276671525438,Tokyo
AMORE Vintage AOYAMA,"Japan, 〒150-0001 Tokyo, Shibuya, Jingumae, 5 Chome−1−6 ２F ２階",Tokyo,35.665805,139.7100254,http://maps.google.com/?cid=13704799177958928024,Tokyo
ASIAGOHAN to OHAGI ZEN,"2 Chome-10-11 Jinguji, Kanazawa, Ishikawa 920-0806, Japan",Ishikawa,36.5867354,136.6690131,http://maps.google.com/?cid=13049649942064321170,Ishikawa
Abeno Harukas,"1 Chome-1-43 Abenosuji, Abeno Ward, Osaka, 545-6016, Japan",Osaka,34.6460706,135.5134771,http://maps.google.com/?cid=535807412135534887,Osaka
Aigaiwatonobutatsu Shrine,"Japan, 〒656-2121 Hyogo, Sumoto, Aigacho, Heianura−２５",Hyogo,34.3945438,134.8946499,http://maps.google.com/?cid=17268288707505634063,Hyogo
Ajidokoro Umeshima,"2604-86 Ashibecho Hakozakinakayamafure, Iki, Nagasaki 811-5463, Japan",Nagasaki,33.8102145,129.7523221,http://maps.google.com/?cid=4563068422565830534,Nagasaki
Ajigasawa Station,"Shimotomita Maitomachi, Ajigasawa, Nishitsugaru District, Aomori 038-2761, Japan",Aomori,40.7752176,140.2207409,http://maps.google.com/?cid=1593421578978115863,Aomori
Akagi Shrine,"4-2 Fujimimachi Akagisan, Maebashi, Gunma 371-0101, Japan",Gunma,36.5526656,139.1835507,http://maps.google.com/?cid=6167107613312908646,Gunma
Akaishio Bridge,"Ajigasawa, Nishitsugaru District, Aomori 038-2723, Japan",Aomori,40.5710024,140.1240337,http://maps.google.com/?cid=9040181408933980344,Aomori
Amagoi Waterfalls,"Tani Jinryo, Kamiyama, Myozai District, Tokushima 771-3310, Japan",Tokushima,33.9509068,134.3353579,http://maps.google.com/?cid=10254225834583736207,Tokushima
Ann,"33 Jodoji Shimominamidacho, Sakyo Ward, Kyoto, 606-8404, Japan",Kyoto,35.02303,135.7931326,http://maps.google.com/?cid=13700085057767569290,Kyoto
Arimazen Sushi,"818 Arimacho, Kita Ward, Kobe, Hyogo 651-1401, Japan",Hyogo,34.796431,135.2482107,http://maps.google.com/?cid=5638099619853677572,Hyogo
Art House Project: Minamidera,"Japan, 〒761-3110 Kagawa, Kagawa District, Naoshima, 本村733",Kagawa,34.4588568,133.996982,http://maps.google.com/?cid=9063446566152337960,Kagawa
Atera Valley,"Nojiri, Okuwa, Kiso District, Nagano 399-5504, Japan",Nagano,35.669324,137.6232624,http://maps.google.com/?cid=7905631490064305519,Nagano
Awaji Yumebutai,"Japan, 〒656-2306 Hyogo, Awaji, Yumebutai, 2番地",Hyogo,34.5608495,135.0084363,http://maps.google.com/?cid=9393555750373534920,Hyogo
Awashima Shrine,"Kada, Wakayama, 640-0103, Japan",Wakayama,34.2736657,135.0664038,http://maps.google.com/?cid=15657838165788794839,Wakayama
Banjiiwa Observatory,"Japan, 〒982-0244 Miyagi, Sendai, Taihaku Ward, Akiumachi Baba, 林道二口線",Miyagi,38.271095,140.5139226,http://maps.google.com/?cid=16887561397577054677,Miyagi
Banna-ji Temple,"2220 Ietomicho, Ashikaga, Tochigi 326-0803, Japan",Tochigi,36.3373804,139.452244,http://maps.google.com/?cid=7831505427754084117,Tochigi
Beer Hall Luncheon,"Japan, 〒101-0051 Tokyo, Chiyoda City, Kanda Jinbocho, 1 Chome−６−6",Tokyo,35.6961438,139.7592999,http://maps.google.com/?cid=7888029452332364752,Tokyo
Belk,"7 Kojimakarakotocho, Kurashiki, Okayama 711-0905, Japan",Okayama,34.4609422,133.8815403,http://maps.google.com/?cid=5307321908322229521,Okayama
Bistro Kirakutei,"Japan, 〒154-0001 Tokyo, Setagaya City, Ikejiri, 3 Chome−30−5 ニュー池尻マンション １階",Tokyo,35.6477428,139.6784508,http://maps.google.com/?cid=13823042156929123227,Tokyo
"Bread, Espresso and Arashiyama Garden “Espresso and”","45-15 Sagatenryuji Susukinobabacho, Ukyo Ward, Kyoto, 616-8385, Japan",Kyoto,35.0147851,135.6749472,http://maps.google.com/?cid=1227974347151193049,Kyoto
Buppōshōryūji Temple,"Japan, 〒392-0012 Nagano, Suwa, Shiga, 桑原4373",Nagano,36.021136,138.138543,http://maps.google.com/?cid=14003769594953215682,Nagano
C'EST UNE BONNE IDEE,"Japan, 〒152-0035 Tokyo, Meguro City, Jiyugaoka, 2 Chome−15−7 １Ｆ",Tokyo,35.6074386,139.6665058,http://maps.google.com/?cid=9636564523888932334,Tokyo
CASA SOL,"661 Wakugawa, Nakijin, Kunigami District, Okinawa 905-0412, Japan",Okinawa,26.6590455,127.9875751,http://maps.google.com/?cid=1427389710275089720,Okinawa
Chichibu Shrine,"1-3 Banbamachi, Chichibu, Saitama 368-0041, Japan",Saitama,35.9976189,139.0841388,http://maps.google.com/?cid=5289732078875692948,Saitama
Chinese Garden Enchoen,"565-1 Hikiji, Yurihama, Tōhaku District, Tottori 689-0715, Japan",Tottori,35.4658923,133.8930304,http://maps.google.com/?cid=5776007563566089153,Tottori
Chionin Temple,"400 Rinkacho, Higashiyama Ward, Kyoto, 605-8686, Japan",Kyoto,35.0051988,135.7833827,http://maps.google.com/?cid=6959033030999210364,Kyoto
Chionji Temple,"466 Monju, Miyazu, Kyoto 626-0001, Japan",Kyoto,35.558751,135.1840924,http://maps.google.com/?cid=12974015211063939968,Kyoto
Chomeiji,"157 Chomeijicho, Omihachiman, Shiga 523-0808, Japan",Shiga,35.1627722,136.0638583,http://maps.google.com/?cid=10009300024038772718,Shiga
Chureito Pagoda,"2-chome-4-1 Asama, Fujiyoshida, Yamanashi 403-0011, Japan",Yamanashi,35.5012626,138.8013852,http://maps.google.com/?cid=15733293726462568345,Yamanashi
Covo Ishigama Pizza and Sake,"1 Chome-6-1 Miyakojimahondori, Miyakojima Ward, Osaka, 534-0021, Japan",Osaka,34.7088922,135.5238629,http://maps.google.com/?cid=12980235056815838605,Osaka
Creative Local Cuisine Kikufuji Main Store,"Japan, 〒036-8016 Aomori, Hirosaki, Sakamotocho, １",Aomori,40.601002,140.474201,http://maps.google.com/?cid=5866198681123875778,Aomori
Curry Honpo Mojiko Retro,"Japan, 〒801-0852 Fukuoka, Kitakyushu, Moji Ward, Minatomachi, 9−2 阿波屋ビル 1階",Fukuoka,33.9459954,130.9616205,http://maps.google.com/?cid=17407638278329582353,Fukuoka
Daigo-ji Temple,"22 Daigohigashiojicho, Fushimi Ward, Kyoto, 601-1325, Japan",Kyoto,34.9511172,135.8193543,http://maps.google.com/?cid=10444538046545984314,Kyoto
Daihō-in Temple,"20 Hanazonooyabucho, Ukyo Ward, Kyoto, 616-8023, Japan",Kyoto,35.0241736,135.7181911,http://maps.google.com/?cid=11167950175767546864,Kyoto
Daikozenji Temple,"3628 Sonobe, Kiyama, Miyaki District, Saga 841-0203, Japan",Saga,33.4292197,130.4958663,http://maps.google.com/?cid=12570560826364124217,Saga
Daitoku-ji Temple,"53 Murasakino Daitokujicho, Kita Ward, Kyoto, 603-8231, Japan",Kyoto,35.043891,135.74603,http://maps.google.com/?cid=11501919056162110113,Kyoto
Dewasanzan Shrine,"Haguroyama-３３番地 Haguromachi Touge, Tsuruoka, Yamagata 997-0211, Japan",Yamagata,38.7023491,139.981353,http://maps.google.com/?cid=11809270136321769675,Yamagata
Drive In Nanakoshi (Food Vending Machines),"853 Kamiochiai, Fujioka, Gunma 375-0057, Japan",Gunma,36.2624925,139.0410163,http://maps.google.com/?cid=897334893506194049,Gunma
Dōkutsu-kannon (Cave of Kannon),"Japan, 〒370-0864 Gunma, Takasaki, Ishiharamachi, 2857 山徳記念館",Gunma,36.3048085,138.9880498,http://maps.google.com/?cid=18175848237127704905,Gunma
EL FARO,"Japan, 〒900-0015 Okinawa, Naha, Kumoji, 3 Chome−18−12 永寿ビルⅡ ２階",Okinawa,26.2152637,127.6812488,http://maps.google.com/?cid=7271311992841066740,Okinawa
Echizen Ono Castle,"3-109 Shiromachi, Ono, Fukui 912-0087, Japan",Fukui,35.9865864,136.4830622,http://maps.google.com/?cid=659859002049027610,Fukui
Enkoji Temple (Circle of Light Temple),"11-11 Furukawacho Tonomachi, Hida, Gifu 509-4224, Japan",Gifu,36.2359152,137.186331,http://maps.google.com/?cid=3099521049285328814,Gifu
Enkōji Temple,"13 Ichijoji Kotanicho, Sakyo Ward, Kyoto, 606-8147, Japan",Kyoto,35.045091,135.797065,http://maps.google.com/?cid=16379541971888387186,Kyoto
Ennoji,"Japan, 〒843-0024 Saga, Takeo, 武雄町10513",Saga,33.2075881,130.0178665,http://maps.google.com/?cid=13054655762041658104,Saga
Enoshima Samuel Cocking Garden,"2 Chome-3-28 Enoshima, Fujisawa, Kanagawa 251-0036, Japan",Kanagawa,35.2997233,139.4790267,http://maps.google.com/?cid=18248893223885874848,Kanagawa
Enoshima Sea Candle,"2 Chome-3-28 Enoshima, Fujisawa, Kanagawa 251-0036, Japan",Kanagawa,35.2997417,139.478425,http://maps.google.com/?cid=3849556319847112627,Kanagawa
Enzoji Temple,"Jikemachiko-176 Yanaizu, Kawanuma District, Fukushima 969-7201, Japan",Fukushima,37.5330356,139.7247142,http://maps.google.com/?cid=10498019881678015747,Fukushima
Eshima,"884-4 Iwaya, Awaji, Hyogo 656-2401, Japan",Hyogo,34.589819,135.021552,http://maps.google.com/?cid=9371064783142762123,Hyogo
FUKAGAWA - SEIJI Honten,"1 Chome-1-8 Kobira, Arita, Nishimatsuura District, Saga 844-0005, Japan",Saga,33.1902,129.897485,http://maps.google.com/?cid=6757989537523172351,Saga
Felice,"Japan, 〒152-0035 Tokyo, Meguro City, Jiyugaoka, 1 Chome−12−6 自由が丘センタービル B1F",Tokyo,35.6079218,139.6695466,http://maps.google.com/?cid=18037814423298883690,Tokyo
Former Sanji Muto House,"4-2051 Higashimaikocho, Tarumi-ku, Kobe, Hyogo 655-0047, Japan",Hyogo,34.630218,135.0362105,http://maps.google.com/?cid=350912090242417210,Hyogo
Fuji Cemetery,"888ｰ2 Omika, Oyama, Sunto District, Shizuoka 410-1308, Japan",Shizuoka,35.3696018,138.9079469,http://maps.google.com/?cid=2437507438453619846,Shizuoka
Fuji Motosuko Resort,"212 Motosu, Fujikawaguchiko, Minamitsuru District, Yamanashi 401-0338, Japan",Yamanashi,35.4422866,138.6030233,http://maps.google.com/?cid=5989262945502519020,Yamanashi
Fujiharu Shokudo,"Donomae-22-3 Oyashinmachi, Yokote, Akita 013-0051, Japan",Akita,39.2768844,140.5579449,http://maps.google.com/?cid=6458289727715849441,Akita
Fujikake,"6 Chome-44-5 Higashinippori, Arakawa City, Tokyo 116-0014, Japan",Tokyo,35.7287721,139.7762507,http://maps.google.com/?cid=9800655687079627755,Tokyo
Fujiki Ningyocho,"1 Chome-5-14 Nihonbashiningyocho, Chuo City, Tokyo 103-0013, Japan",Tokyo,35.6851309,139.7822642,http://maps.google.com/?cid=16699112066698497051,Tokyo
Fujisaki Hachimangu,"3-1 Igawabuchimachi, Chuo Ward, Kumamoto, 860-0841, Japan",Kumamoto,32.8083094,130.7185242,http://maps.google.com/?cid=15158021118067722985,Kumamoto
Fujisan Shiraito Soba,"1199-12 Hara, Fujinomiya, Shizuoka 418-0105, Japan",Shizuoka,35.3156389,138.5808111,http://maps.google.com/?cid=1822582476669581162,Shizuoka
Fujiya 1935,"2 Chome-4-14 Yariyamachi, Chuo Ward, Osaka, 540-0027, Japan",Osaka,34.6830376,135.5119325,http://maps.google.com/?cid=18313300881791018697,Osaka
Fujiya Restaurant,"5-49 Kiyosecho, Kiryu, Gunma 376-0026, Japan",Gunma,36.4074711,139.326724,http://maps.google.com/?cid=2306166651657069051,Gunma
Fukuchi-in Temple (Pilgrim's Lodging),"657 Koyasan, Koya, Ito District, Wakayama 648-0211, Japan",Wakayama,34.2159553,135.5848399,http://maps.google.com/?cid=18092342302952396879,Wakayama
Fushimi Jikkoku-bune Boats,"Japan, 〒612-8043 Kyoto, Fushimi Ward, 南兵町247",Kyoto,34.9284192,135.7615568,http://maps.google.com/?cid=15681363716833939988,Kyoto
Futagoji,"1548 Akimachi Futago, Kunisaki, Oita 873-0356, Japan",Oita,33.5740013,131.603241,http://maps.google.com/?cid=6473643876238977855,Oita
GR8,"Japan, 〒150-0001 Tokyo, Shibuya, Jingumae, 1 Chome−11−6 2.5 F",Tokyo,35.6692707,139.7052181,http://maps.google.com/?cid=14748545559255114070,Tokyo
GRAND MARBLE - Kyoto Station,"Japan, 〒600-8215 Kyoto, Shimogyo Ward, Higashishiokojicho, JR京都駅「京名菓・名菜処 亰（みやこ）」内",Kyoto,34.9848501,135.7581435,http://maps.google.com/?cid=12522838770411925711,Kyoto
Gabusoga Shokudo Maejima Route 58,"3 Chome-3-3 Maejima, Naha, Okinawa 900-0016, Japan",Okinawa,26.2227621,127.6834139,http://maps.google.com/?cid=1521362144600180424,Okinawa
Garou Waterfall,"Fujikoto, Fujisato, Yamamoto District, Akita 018-3201, Japan",Akita,40.3198424,140.2953737,http://maps.google.com/?cid=12788169696889351771,Akita
Genhouin,"77 Okazaki Hoshojicho, Sakyo Ward, Kyoto, 606-8333, Japan",Kyoto,35.0151251,135.7887798,http://maps.google.com/?cid=1785696643093388285,Kyoto
Genji,"2 Chome-4-8 Ichibancho, Aoba Ward, Sendai, Miyagi 980-0811, Japan",Miyagi,38.2593046,140.8733374,http://maps.google.com/?cid=14546183385722770776,Miyagi
Gion Fujitora,"1 Chome-231-1 Miyagawasuji, Higashiyama Ward, Kyoto, 605-0801, Japan",Kyoto,35.0022835,135.7718395,http://maps.google.com/?cid=6994174214472132890,Kyoto
Gion Tsujiri,"573-3 Gionmachi Minamigawa, Higashiyama Ward, Kyoto, 605-0074, Japan",Kyoto,35.003665,135.774477,http://maps.google.com/?cid=7158186116244179380,Kyoto
Gozanoishi jinja Shrine,"Japan, 〒014-0602 Akita, Semboku, Nishikicho Hinokinai, Ainaigata−１",Akita,39.7516029,140.6505312,http://maps.google.com/?cid=3612675731257849396,Akita
Greenarium Awajishima,"1550-10 Nojimatokiwa, Awaji, Hyogo 656-1726, Japan",Hyogo,34.5725975,134.9775695,http://maps.google.com/?cid=5776931020978818605,Hyogo
Gyōza Masashi Miyajima shop,"4 Chome-3-1 Babadori, Utsunomiya, Tochigi 320-0026, Japan",Tochigi,36.5616357,139.88771,http://maps.google.com/?cid=3112210476357471515,Tochigi
Gōtokuji Temple,"2 Chome-24-7 Gotokuji, Setagaya City, Tokyo 154-0021, Japan",Tokyo,35.6488124,139.647481,http://maps.google.com/?cid=482142090738683052,Tokyo
Hakone Mototsumiya Shrine,"Japan, 〒250-0522 Kanagawa, Ashigarashimo District, Hakone, Motohakone, ８０−1",Kanagawa,35.224773,139.0252585,http://maps.google.com/?cid=7306850222300097029,Kanagawa
Hakusan Shrine,"1-1 Ichibanboridoricho, Chuo Ward, Niigata, 951-8132, Japan",Chiba,37.915499,139.0377924,http://maps.google.com/?cid=9895635935694054175,Chiba
Hakuunan,"Nishiura-30 Gokasho, Uji, Kyoto 611-0011, Japan",Kyoto,34.9135728,135.8049377,http://maps.google.com/?cid=17530861833572780949,Kyoto
Hamamatsu Flower Park,"Japan, 〒431-1209 Shizuoka, Hamamatsu, Chuo Ward, Kanzanjicho, 195番地",Shizuoka,34.7625218,137.6332373,http://maps.google.com/?cid=8651529417648362035,Shizuoka
Hanakujira honten,"Japan, 〒553-0003 Osaka, Fukushima Ward, Fukushima, 2 Chome−8−2 1階",Fukushima,34.6945818,135.4870692,http://maps.google.com/?cid=15167442547859677971,Fukushima
Hanamaruken Hozenji,"1 Chome-2-1 Namba, Chuo Ward, Osaka, 542-0076, Japan",Osaka,34.6679045,135.5030584,http://maps.google.com/?cid=12134182644213953393,Osaka
Harajiri Falls,"410 Ogatamachi Harajiri, Bungoono, Oita 879-6631, Japan",Oita,32.9644163,131.4514096,http://maps.google.com/?cid=17483227653104827847,Oita
Hasedera,"3 Chome-11-2 Hase, Kamakura, Kanagawa 248-0016, Japan",Kanagawa,35.3124645,139.5330634,http://maps.google.com/?cid=6335264300188806609,Kanagawa
Hashiguiiwa Rocks,"Kujinokawa, Kushimoto, Higashimuro District, Wakayama 649-3511, Japan",Wakayama,33.4880617,135.7957474,http://maps.google.com/?cid=7687472413575212073,Wakayama
Hasshoukan,"Ishizaka-29 Hirojicho, Showa Ward, Nagoya, Aichi 466-0834, Japan",Aichi,35.1376,136.9618104,http://maps.google.com/?cid=7687911512594591903,Aichi
Hatazen,"Japan, 〒030-0803 Aomori, Yasukata, 2 Chome−17−15 Lions Mansion Shinmachi-Dōri, 1F",Aomori,40.826454,140.7444595,http://maps.google.com/?cid=5764350305986731713,Aomori
Heian Jingu Shrine,"97 Okazaki Nishitennocho, Sakyo Ward, Kyoto, 606-8341, Japan",Kyoto,35.0159823,135.7824263,http://maps.google.com/?cid=8484457972734838095,Kyoto
Heitate Shrine,"712 Ono, Yamato, Kamimashiki District, Kumamoto 861-3905, Japan",Kumamoto,32.6871196,131.1357554,http://maps.google.com/?cid=15784129938922197002,Kumamoto
Higashi Hongan-ji Temple,"Japan, 〒600-8505 Kyoto, Shimogyo Ward",Kyoto,34.9909478,135.7584754,http://maps.google.com/?cid=3310036006664063322,Kyoto
Higashiyama Kaii Setouchi Art Museum,"224-13 Shamijima, Sakaide, Kagawa 762-0066, Japan",Kagawa,34.3494188,133.8241242,http://maps.google.com/?cid=16501982464196278296,Kagawa
Hikiniku to Come (Kichijoji),"Japan, 〒180-0004 Tokyo, Musashino, Kichijoji Honcho, 2 Chome−8−3 １Ｆ",Tokyo,35.7058316,139.5777871,http://maps.google.com/?cid=2802556918696748575,Tokyo
Himawari Shokudo 2,"1 Chome-5-18 Jinzuhonmachi, Toyama, 930-0008, Japan",Toyama,36.7017876,137.2079543,http://maps.google.com/?cid=11775447346186904665,Toyama
Hohisayamaseson Temple,"643 Takeda, Sado, Niigata 952-0302, Japan",Niigata,37.9723164,138.3688093,http://maps.google.com/?cid=12492964264475761015,Niigata
Hokkaido Jingu,"474 Miyagaoka, Chuo Ward, Sapporo, Hokkaido 064-0959, Japan",Hokkaido,43.054333,141.3077928,http://maps.google.com/?cid=17045528883461805832,Hokkaido
Honkoji,"1-17 Furukawacho Ninomachi, Hida, Gifu 509-4235, Japan",Gifu,36.233847,137.1881034,http://maps.google.com/?cid=1334773469061548706,Gifu
Honmachi Oribe Street,"6 Chome-6 Honmachi, Tajimi, Gifu 507-0033, Japan",Gifu,35.3343783,137.1331646,http://maps.google.com/?cid=9972900885593027648,Gifu
Honpuku Temple,"1310 Ura, Awaji, Hyogo 656-2305, Japan",Hyogo,34.5463873,134.9890286,http://maps.google.com/?cid=7399871864198218376,Hyogo
Honraku Temple,"Oshima-123 Anabukicho Mishima, Mima, Tokushima 777-0001, Japan",Tokushima,34.0525088,134.100921,http://maps.google.com/?cid=4439080260217244918,Tokushima
Hotoku-ji Temple,"5 Chome-1608 Kawauchicho, Kiryu, Gunma 376-0041, Japan",Gunma,36.4528512,139.3173585,http://maps.google.com/?cid=14820244915632087452,Gunma
Hozugawa River Boat Ride (Hozugawa Kudari),"Japan, 〒621-0005 Kyoto, Kameoka, Hozucho, Shimonakajima−２",Kyoto,35.017202,135.5868593,http://maps.google.com/?cid=3737094025798721879,Kyoto
"Hydrangea Garden, Mimurotoji Temple","Okunoike-10-16 Todo, Uji, Kyoto 611-0013, Japan",Kyoto,34.8995622,135.8178806,http://maps.google.com/?cid=2921656286340357077,Kyoto
Hyogo Prefecture Awaji Hanasajiki,"2805-7 Kusumoto, Awaji, Hyogo 656-2301, Japan",Hyogo,34.5535521,134.9780291,http://maps.google.com/?cid=9690324968726253061,Hyogo
Hyotei,"35 Nanzenji Kusakawacho, Sakyo Ward, Kyoto, 606-8437, Japan",Kyoto,35.0114133,135.7867623,http://maps.google.com/?cid=10413292184413177308,Kyoto
Hōonji Temple (500 Rakan),"31-5 Nasukawacho, Morioka, Iwate 020-0016, Japan",Iwate,39.7122471,141.1561871,http://maps.google.com/?cid=6851817025136466445,Iwate
ICE MONSTER omote-sando,"6 Chome-35-6 Jingumae, Shibuya, Tokyo 150-0001, Japan",Tokyo,35.6690649,139.7025207,http://maps.google.com/?cid=7522836698653892145,Tokyo
Ibuki Udon Kichijoji,"1 Chome-1-1 Gotenyama, Musashino, Tokyo 180-0005, Japan",Tokyo,35.7031424,139.5772546,http://maps.google.com/?cid=11889922840241589079,Tokyo
Ichijoji Nakatani,"5 Ichijoji Hananokicho, Sakyo Ward, Kyoto, 606-8151, Japan",Kyoto,35.0436966,135.7924904,http://maps.google.com/?cid=9585284087943822204,Kyoto
Ichimonjiya Wasuke,"Japan, 〒603-8243 Kyoto, Kita Ward, Murasakino Imamiyacho, ６９−69",Kyoto,35.0453272,135.7427836,http://maps.google.com/?cid=8057478357884529694,Kyoto
Ikuta-jinja Shrine,"1 Chome-2-1 Shimoyamatedori, Chuo Ward, Kobe, Hyogo 650-0011, Japan",Hyogo,34.6947159,135.1907243,http://maps.google.com/?cid=2755195261077096520,Hyogo
Inakadate Village Hall,"Japan, 〒038-1113 Aomori, Minamitsugaru District, Inakadate, Nakatsuji−123-1 4F",Aomori,40.63116,140.550273,http://maps.google.com/?cid=9042127556655808517,Aomori
Inoue Saryo,"Matogata-1997 Matogatacho, Himeji, Hyogo 671-0111, Japan",Hyogo,34.7718127,134.7418048,http://maps.google.com/?cid=10804063516632826246,Hyogo
Inujima Seirensho Art Museum,"327-4 Inujima, Higashi-ku, Okayama, 704-8153, Japan",Okayama,34.5638621,134.1062668,http://maps.google.com/?cid=6509763779455247724,Okayama
Irabuohashi Bridge,"Miyakojima, Okinawa 906-0000, Japan",Okinawa,24.7962883,125.2410596,http://maps.google.com/?cid=4745873645580609611,Okinawa
Ishiyama-dera Temple,"1 Chome-1-1 Ishiyamadera, Otsu, Shiga 520-0861, Japan",Shiga,34.9605093,135.9055766,http://maps.google.com/?cid=3747120168255477055,Shiga
Isonokami Jingu Shrine,"384 Furucho, Tenri, Nara 632-0014, Japan",Nara,34.5976873,135.8520589,http://maps.google.com/?cid=12789910476438253388,Nara
Iwakiyama Shrine,"Japan, 〒036-1343 Aomori, Hirosaki, Hyakuzawa, Terasawa−２７",Aomori,40.6220863,140.3403973,http://maps.google.com/?cid=13315307148366110144,Aomori
Iwashimizu Hachiman-gu Shrine,"Japan, 〒614-8005 Kyoto, Yawata, Takabo−３０",Kyoto,34.8794159,135.7000573,http://maps.google.com/?cid=6689498968043450567,Kyoto
Iwato Ochiba Shrine,"170 Onoiwato, Kita Ward, Kyoto, 601-0134, Japan",Kyoto,35.1133082,135.6744409,http://maps.google.com/?cid=17357746543166844228,Kyoto
Jigoku-numa Pond,"Japan, 〒030-0111 Aomori, 荒川南荒川山国有林酸ケ湯沢",Aomori,40.6472822,140.8541002,http://maps.google.com/?cid=10478637561557819030,Aomori
Jigokudani Yaen-Koen,"6845 Hirao, Yamanochi, Shimotakai District, Nagano 381-0401, Japan",Nagano,36.7326856,138.4621364,http://maps.google.com/?cid=17747995036593542687,Nagano
Jigokumushikobo Kannawa,"５組 風呂本, Beppu, Oita 874-0041, Japan",Oita,33.3154852,131.4762201,http://maps.google.com/?cid=9009785027141861510,Oita
Jinburo,"428 Yuasa, Arida District, Wakayama 643-0004, Japan",Wakayama,34.0365643,135.1747657,http://maps.google.com/?cid=2513264679887988326,Wakayama
Jindaiji Temple,"Japan, 〒182-0017 Tokyo, Chofu, Jindaiji Motomachi, 5 Chome−１５−1",Tokyo,35.6675048,139.5503942,http://maps.google.com/?cid=8224161598012187145,Tokyo
Jiyū Gakuen Myōnichikan,"2 Chome-31-3 Nishiikebukuro, Toshima City, Tokyo 171-0021, Japan",Tokyo,35.7266784,139.7072406,http://maps.google.com/?cid=10529913680038101931,Tokyo
Jodo Temple,"20-28 Higashikubocho, Onomichi, Hiroshima 722-0043, Japan",Hiroshima,34.4119047,133.2105348,http://maps.google.com/?cid=4503068729112193128,Hiroshima
Jogi Nyorai Saihoji Temple,"Joge-1 Okura, Aoba Ward, Sendai, Miyagi 989-3213, Japan",Miyagi,38.3650797,140.6678094,http://maps.google.com/?cid=424050227538013775,Miyagi
Joruri-ji,"Futaba-40 Kamocho Nishio, Kizugawa, Kyoto 619-1135, Japan",Kyoto,34.715515,135.8729684,http://maps.google.com/?cid=15030750402168938999,Kyoto
Julien David Flagship Store,"2 Chome-7-15 Jingumae, Shibuya, Tokyo 150-0001, Japan",Tokyo,35.6730762,139.7114079,http://maps.google.com/?cid=5731358211804918887,Tokyo
Jumonjiya,"Dogairihei-1602 Kawahigashimachi Asayama, Aizuwakamatsu, Fukushima 969-3461, Japan",Fukushima,37.5544876,139.9516527,http://maps.google.com/?cid=7139980484501026042,Fukushima
Junsei,"60 Nanzenji Kusakawacho, Sakyo Ward, Kyoto, 606-8437, Japan",Kyoto,35.0114445,135.790108,http://maps.google.com/?cid=12880988468623486214,Kyoto
Jōchi-ji,"1402 Yamanouchi, Kamakura, Kanagawa 247-0062, Japan",Kanagawa,35.3334214,139.5463092,http://maps.google.com/?cid=2222533668622648074,Kanagawa
KAMAYA,"6 Chome-59-2 Honmachi, Tajimi, Gifu 507-0033, Japan",Gifu,35.3341879,137.1325785,http://maps.google.com/?cid=16908033151327039098,Gifu
Kafe Kosen,"Japan, 〒602-0841 Kyoto, Kamigyo Ward, Kajiicho, 448 清和テナントハウス2 階G号室",Kyoto,35.0273624,135.7695717,http://maps.google.com/?cid=9966955928687100923,Kyoto
Kageyamaro Jiyugaokaten,"2 Chome-8-21 Jiyugaoka, Meguro City, Tokyo 152-0035, Japan",Tokyo,35.6106177,139.6670995,http://maps.google.com/?cid=16480099989791750910,Tokyo
Kagizen Yoshifusa Shijo Main Branch,"264 Gionmachi Kitagawa, Higashiyama Ward, Kyoto, 605-0073, Japan",Kyoto,35.0039706,135.7747447,http://maps.google.com/?cid=15475411711944997808,Kyoto
Kaibou,"1868 Oura, Tara, Fujitsu District, Saga 849-1612, Japan",Saga,32.9868872,130.2049217,http://maps.google.com/?cid=14207602767584163545,Saga
Kajika Bridge,"付近, 586-2 Ikahomachi Ikaho, Shibukawa, Gunma 377-0102, Japan",Gunma,36.4921061,138.9148349,http://maps.google.com/?cid=4277024496622478571,Gunma
Kakurin-ji,"Kitazaike-424 Kakogawacho, Kakogawa, Hyogo 675-0031, Japan",Hyogo,34.7527403,134.8328322,http://maps.google.com/?cid=12351717940709533733,Hyogo
Kameido Tenjin Shrine,"3 Chome-6-1 Kameido, Koto City, Tokyo 136-0071, Japan",Tokyo,35.7030288,139.8206618,http://maps.google.com/?cid=4840158722620709294,Tokyo
Kamigamo Shrine,"339 Kamigamo Motoyama, Kita Ward, Kyoto, 603-8047, Japan",Toyama,35.0603776,135.7527293,http://maps.google.com/?cid=6486069360726034990,Toyama
Kanahebisui Shrine,"Japan, 〒989-2464 Miyagi, Iwanuma, Miiroyoshi, Suijin−７",Miyagi,38.1197356,140.8379658,http://maps.google.com/?cid=8283650761842202359,Miyagi
Kanegasaki-gu Shrine,"1-4 Kanegasakicho, Tsuruga, Fukui 914-0072, Japan",Fukui,35.6645316,136.0741067,http://maps.google.com/?cid=11816505880248805302,Fukui
Kannonji Juroku Rakan Temple,"1782 Taketa, Oita 878-0013, Japan",Oita,32.9681126,131.3914516,http://maps.google.com/?cid=5836665901341601191,Oita
Kanzarashi no Mise Yui,"3204 Ichinomiyamachi Miyaji, Aso, Kumamoto 869-2612, Japan",Kumamoto,32.9514814,131.1160421,http://maps.google.com/?cid=468151049050822266,Kumamoto
Katori Jingu Shrine,"1697 Katori, Chiba 287-0017, Japan",Chiba,35.8861602,140.5287201,http://maps.google.com/?cid=3441923304426709359,Chiba
Katsuragi Shrine,"Izunokuni, Shizuoka 410-2325, Japan",Shizuoka,35.0118746,138.9207995,http://maps.google.com/?cid=9471686196306289734,Shizuoka
Kawachi Fujien,"2 Chome-2-48 Kawachi, Yahatahigashi Ward, Kitakyushu, Fukuoka 805-0045, Japan",Fukuoka,33.8322415,130.7922743,http://maps.google.com/?cid=18195540448328610954,Fukuoka
Kawaguchiko Sta.,"Funatsu, Fujikawaguchiko, Minamitsuru District, Yamanashi 401-0301, Japan",Yamanashi,35.4983535,138.7683821,http://maps.google.com/?cid=15942255934418578370,Yamanashi
Kehi-jingu Shrine,"11-68 Akebonocho, Tsuruga, Fukui 914-0075, Japan",Fukui,35.6547802,136.0747217,http://maps.google.com/?cid=8632576456613738285,Fukui
Keibunsha Ichijoji Bookshop,"Japan, 〒606-8184 Kyoto, Sakyo Ward, Ichijoji Haraitonocho, １０",Kyoto,35.0439648,135.7849094,http://maps.google.com/?cid=6457500933402756748,Kyoto
Keikuji,"457 Miyakawa, Sado, Niigata 952-0212, Japan",Niigata,37.983471,138.3860101,http://maps.google.com/?cid=9712702382153219891,Niigata
Kenkonzan Nihon-ji Temple,"184 Motona, Kyonan, Awa District, Chiba 299-2100, Japan",Chiba,35.1569119,139.8319369,http://maps.google.com/?cid=13856307049065887239,Chiba
Kibitsu Jinja (Sanbi Ichinomiya),"931 Kibitsu, Kita Ward, Okayama, 701-1341, Japan",Okayama,34.6707293,133.850597,http://maps.google.com/?cid=45828749229339892,Okayama
Kibitsuhiko Shrine,"1043 Ichinomiya, Kita Ward, Okayama, 701-1211, Japan",Okayama,34.6768634,133.8640841,http://maps.google.com/?cid=2049276458791501975,Okayama
Kimuraya,"Japan, 〒997-0052 Yamagata, Tsuruoka, Kakuganji, 水上249-1",Yamagata,38.7492358,139.8246201,http://maps.google.com/?cid=11976847626670162687,Yamagata
Kinchakuya,"7-1 Jizohamacho, Kishiwada, Osaka 596-0015, Japan",Osaka,34.4661572,135.3644848,http://maps.google.com/?cid=8527231129699995390,Osaka
Kindankajitsu,"2 Chome-7-7 Nakameguro, Meguro City, Tokyo 153-0061, Japan",Tokyo,35.6377757,139.7053797,http://maps.google.com/?cid=2472637044580109121,Tokyo
Kinpusen-ji,"2498 Yoshinoyama, Yoshino, Yoshino District, Nara 639-3115, Japan",Nara,34.3684636,135.8587085,http://maps.google.com/?cid=6460538476774752029,Nara
Kiryu Tenmangu Shrine Old Folk Equipment Antique Market,"1 Chome-3 Tenjincho, Kiryu, Gunma 376-0052, Japan",Gunma,36.420772,139.3457667,http://maps.google.com/?cid=16511631223456680520,Gunma
Kiso-no-Ohashi Bridge,"Narai, Shiojiri, Nagano 399-6303, Japan",Nagano,35.9660743,137.814051,http://maps.google.com/?cid=9989022970425923220,Nagano
Kitano Tenmangu Shrine,"Bakurocho, Kamigyo Ward, Kyoto, 602-8386, Japan",Kyoto,35.0311737,135.7351227,http://maps.google.com/?cid=6568217213263605274,Kyoto
Kitsuneya,"4 Chome-9-12 Tsukiji, Chuo City, Tokyo 104-0045, Japan",Tokyo,35.6657341,139.7698435,http://maps.google.com/?cid=10762732184996540674,Tokyo
Kiyomizu-dera,"1 Chome-294 Kiyomizu, Higashiyama Ward, Kyoto, 605-0862, Japan",Kyoto,34.9946662,135.784661,http://maps.google.com/?cid=7111013964196361402,Kyoto
Kobe Kitano Ijinkan-Gai,"Kitanocho, Chuo Ward, Kobe, Hyogo 650-0002, Japan",Hyogo,34.7007283,135.1907906,http://maps.google.com/?cid=14802820810607101306,Hyogo
Kochikaze,"2-22 Karakiyocho, Tennoji Ward, Osaka, 543-0018, Japan",Osaka,34.6729677,135.5248189,http://maps.google.com/?cid=16955013783014713289,Osaka
Kodai-in Temple (Pilgrim's Lodging),"649 Koyasan, Koya, Ito District, Wakayama 648-0211, Japan",Wakayama,34.2175318,135.5848682,http://maps.google.com/?cid=8105639220298619022,Wakayama
Kokeizan Eihoji Temple,"Japan, 〒507-0014 Gifu, Tajimi, Kokeizancho, 1 Chome−４０",Gifu,35.3468154,137.1306803,http://maps.google.com/?cid=9448119024215095872,Gifu
Kokinchan,"2 Chome-14-13 Tenjin, Chuo Ward, Fukuoka, 810-0001, Japan",Fukuoka,33.5911582,130.3956623,http://maps.google.com/?cid=13982637140375159800,Fukuoka
Kokutaijiato,"1 Chome-15 Wangetsu, Akkeshi, Akkeshi District, Hokkaido 088-1114, Japan",Hokkaido,43.0319809,144.8383985,http://maps.google.com/?cid=4465517418751779879,Hokkaido
Komyo-in Temple,"15 Chome-809 Honmachi, Higashiyama Ward, Kyoto, 605-0981, Japan",Kyoto,34.9739537,135.7736704,http://maps.google.com/?cid=16907259805051138123,Kyoto
Komyozen-ji,"2 Chome-16-1 Saifu, Dazaifu, Fukuoka 818-0117, Japan",Fukuoka,33.5183841,130.5341726,http://maps.google.com/?cid=9370204568492925137,Fukuoka
Konchi-in,"86-12 Nanzenji Fukuchicho, Sakyo Ward, Kyoto, 606-8435, Japan",Kyoto,35.0105075,135.7906663,http://maps.google.com/?cid=3626855720278937198,Kyoto
Kongobu-ji Kondo (Golden Hall),"Japan, 〒648-0211 Wakayama, Ito District, Koya, Koyasan, 132 壇上伽藍",Wakayama,34.21302,135.5795372,http://maps.google.com/?cid=2163024265639357010,Wakayama
Kongobu-ji Saito (West Pagoda),"132 Koyasan, Koya, Ito District, Wakayama 648-0211, Japan",Wakayama,34.2137579,135.5785283,http://maps.google.com/?cid=16587202596675192876,Wakayama
Kongorinji,"874 Matsuoji, Aishō, Echi District, Shiga 529-1202, Japan",Shiga,35.1628133,136.2792712,http://maps.google.com/?cid=12686748986441177584,Shiga
Konkai Kōmyō-ji Temple,"121 Kurodanicho, Sakyo Ward, Kyoto, 606-8331, Japan",Kyoto,35.0194736,135.7875217,http://maps.google.com/?cid=2732943431177922448,Kyoto
Konouchi Shrine,"958 Konouchi, Kiho, Minamimuro District, Mie 519-5712, Japan",Mie,33.7610573,136.006223,http://maps.google.com/?cid=17957546894872140092,Mie
Konpon-ji,"Niiboono, Sado, Niigata 952-0109, Japan",Niigata,38.0113641,138.4138281,http://maps.google.com/?cid=12507223683679273706,Niigata
Kouri Shrimp,"314 Kouri, Nakijin, Kunigami District, Okinawa 905-0406, Japan",Okinawa,26.6968294,128.0197784,http://maps.google.com/?cid=7502359564575922405,Okinawa
Kousanji Temple,"553-2 Setodacho Setoda, Onomichi, Hiroshima 722-2411, Japan",Hiroshima,34.3044254,133.0901665,http://maps.google.com/?cid=297123292266268359,Hiroshima
Kozan-ji Butsuden (Buddha Hall),"1 Chome-2-5 Chofukawabata, Shimonoseki, Yamaguchi 752-0979, Japan",Yamaguchi,33.9956183,130.981928,http://maps.google.com/?cid=5753448814553572870,Yamaguchi
Kubota Itchiku Art Museum,"2255 Kawaguchi, Fujikawaguchiko, Minamitsuru District, Yamanashi 401-0304, Japan",Yamanashi,35.527324,138.7598324,http://maps.google.com/?cid=12093708946715140316,Yamanashi
"Kunjudo Co,. Ltd.","1255-1 Taga, Awaji, Hyogo 656-1521, Japan",Hyogo,34.4695,134.848089,http://maps.google.com/?cid=7545315135061565250,Hyogo
Kunōzan Tōshōgū (Shinto Shrine),"390 Negoya, Suruga Ward, Shizuoka, 422-8011, Japan",Shizuoka,34.964826,138.467581,http://maps.google.com/?cid=18432006227154893421,Shizuoka
Kurama Temple Okunoin Maōden,"Kuramahonmachi, Sakyo Ward, Kyoto, 601-1111, Japan",Kyoto,35.1212507,135.7658538,http://maps.google.com/?cid=12767801938482497705,Kyoto
Kuratake Shrine,"3409-1 Kuratakemachi Tanasoko, Amakusa, Kumamoto 861-6402, Japan",Kumamoto,32.427694,130.3273321,http://maps.google.com/?cid=17449661819528759110,Kumamoto
"Kuro-mon Gate, Kinpusen-ji Temple","Yoshinoyama, Yoshino, Yoshino District, Nara 639-3115, Japan",Nara,34.3689396,135.858843,http://maps.google.com/?cid=10274492235303107595,Nara
Kuroshio Honjin,"8009-11 Kure, Nakatosa, Takaoka District, Kochi 789-1301, Japan",Kochi,33.321649,133.2371005,http://maps.google.com/?cid=10566799912380321370,Kochi
Kushiro City Tanchōzuru shizen-kōen (Red-crowned Crane Natural Park),"112 Tsuruoka, Kushiro, Hokkaido 084-0926, Japan",Hokkaido,43.0579204,144.1966755,http://maps.google.com/?cid=13191441154117348337,Hokkaido
Kutaniyaki Art Museum,"1-10-13 Daishoji Jikatamachi, Kaga, Ishikawa 922-0861, Japan",Ishikawa,36.302787,136.310215,http://maps.google.com/?cid=6883337974286880568,Ishikawa
Kyohei Fujita Museum of Glass,"Hama-1-4 Takagi, Matsushima, Miyagi District, Miyagi 981-0215, Japan",Miyagi,38.3770877,141.0707142,http://maps.google.com/?cid=3326998471909892001,Miyagi
Kyoto Kitcho Arashiyama,"Japan, 〒616-8385 Kyoto, Ukyo Ward, Sagatenryuji Susukinobabacho, ５８",Kyoto,35.0136211,135.6746552,http://maps.google.com/?cid=1741826616241561678,Kyoto
Kyoto Porta,"Japan, 〒600-8216 Kyoto, Shimogyo Ward, Higashishiokojicho, 902",Kyoto,34.9867119,135.7597486,http://maps.google.com/?cid=9321661010624999704,Kyoto
Kyoto Railway Museum,"Kankijicho, Shimogyo Ward, Kyoto, 600-8835, Japan",Kyoto,34.9870986,135.7422732,http://maps.google.com/?cid=9916920369112840685,Kyoto
Kyushu Railway History Museum,"2 Chome-3-29 Kiyotaki, Moji Ward, Kitakyushu, Fukuoka 801-0833, Japan",Fukuoka,33.9431488,130.9617938,http://maps.google.com/?cid=9731498008885966062,Fukuoka
Kōdaiji Temple,"Japan, 〒605-0825 Kyoto, Higashiyama Ward, 高台寺下河原町５２６",Kyoto,35.0007687,135.7812718,http://maps.google.com/?cid=2616919559259342976,Kyoto
L'Atelier de NOTO,"Japan, 〒928-0001 Ishikawa, Wajima, Kawaimachi, ４−142",Ishikawa,37.39444,136.904306,http://maps.google.com/?cid=9133660759668012288,Ishikawa
La Grace,"720 Koryuji, Awaji, Hyogo 656-2211, Japan",Hyogo,34.4862693,134.9249615,http://maps.google.com/?cid=16806691628092963525,Hyogo
Lake Biwa First Canal,"7 Miideracho, Otsu, Shiga 520-0034, Japan",Shiga,35.0120774,135.857419,http://maps.google.com/?cid=4019880952236448910,Shiga
Le Bon Vivre SHINSHINDO,"Japan, 〒600-8412 Kyoto, Shimogyo Ward, Nijohanjikicho, 668",Kyoto,35.0014398,135.7592849,http://maps.google.com/?cid=12728317876162401763,Kyoto
Limbo of Infants Shrine,"Washizaki, Sado, Niigata 952-3205, Japan",Niigata,38.3261538,138.4789377,http://maps.google.com/?cid=13003702337485884129,Niigata
Little Spice,"Japan, 〒180-0004 Tokyo, Musashino, Kichijoji Honcho, 2 Chome−14−1 山田ビル 2F",Tokyo,35.7057863,139.5774089,http://maps.google.com/?cid=3229418230056950544,Tokyo
Lumiere,"ＨＩＧＡＳＨＩＹＡＭＡ ＢＬＤＧ． ４F, 1 Chome-2-2 Kichijoji Minamicho, Musashino, Tokyo 180-0003, Japan",Tokyo,35.7022581,139.580084,http://maps.google.com/?cid=6580847009357880894,Tokyo
Magie du Chocolat Jiyugaoka,"6 Chome-33-14 Okusawa, Setagaya City, Tokyo 158-0083, Japan",Tokyo,35.6061213,139.666267,http://maps.google.com/?cid=5270012670766176099,Tokyo
Main Gate,"1 Chome-1-1 Ishiyamadera, Otsu, Shiga 520-0861, Japan",Shiga,34.9606956,135.9077209,http://maps.google.com/?cid=10816091721171316368,Shiga
Maizuru Nature and Cultural Park,"24-12 Taneji, Maizuru, Kyoto 625-0152, Japan",Kyoto,35.5385169,135.3969889,http://maps.google.com/?cid=1197798056202095034,Kyoto
Mandala Yuen (Tateyama Museum of Toyama),"Japan, 〒930-0200 Toyama, Nakaniikawa District, Tateyama, Ashikuraji, 古屋敷15番地",Toyama,36.5807926,137.400797,http://maps.google.com/?cid=18162994513004067813,Toyama
Manekineko Museum,"865-1 Kanayamaji, Kita Ward, Okayama, 701-2151, Japan",Okayama,34.7392186,133.9448818,http://maps.google.com/?cid=6870149421915888383,Okayama
Manpuku-an Eishoji,"5358 Magome, Nakatsugawa, Gifu 508-0502, Japan",Gifu,35.5269279,137.5656586,http://maps.google.com/?cid=8157263561243116148,Gifu
Manraku Unagi,"2300 Shioji, Miyazaki, 880-0122, Japan",Miyazaki,31.989405,131.47297,http://maps.google.com/?cid=17457176534809479505,Miyazaki
"Marine Chapel ""Cappella Di Mare""","2番地 Yumebutai, Awaji, Hyogo 656-2306, Japan",Hyogo,34.560518,135.0080945,http://maps.google.com/?cid=8798518211041288971,Hyogo
Marufuji Cake House,"Na-30 Okimachi, Komatsu, Ishikawa 923-0861, Japan",Ishikawa,36.4022518,136.4683694,http://maps.google.com/?cid=534389041791346470,Ishikawa
Maruichi Fuji Akasaka,"Japan, 〒107-0052 Tokyo, Minato City, Akasaka, 3 Chome−16−8 東海赤坂アネックスビル 1F",Tokyo,35.6748391,139.7362831,http://maps.google.com/?cid=6642218330021229817,Tokyo
Matano,"2-10 Kajiyamachi, Takamatsu, Kagawa 760-0028, Japan",Kagawa,34.3432962,134.0484767,http://maps.google.com/?cid=3656515149751976338,Kagawa
Matsuba Chaya,"Japan, 〒182-0017 Tokyo, Chofu, Jindaiji Motomachi, 5 Chome−１１−3",Tokyo,35.6681369,139.5496204,http://maps.google.com/?cid=12115243036415515313,Tokyo
Megumi,"Japan, 〒880-0924 Miyazaki, 大字Gujibun, 甲2250-3",Miyazaki,31.8501647,131.4357526,http://maps.google.com/?cid=5642525846279628592,Miyazaki
Meiji Seimei Kan,"2 Chome-1-1 Marunouchi, Chiyoda City, Tokyo 100-0005, Japan",Tokyo,35.6788686,139.7615403,http://maps.google.com/?cid=6361053182658231180,Tokyo
Meiji-no-Yakata,"2339-1 Sannai, Nikko, Tochigi 321-1431, Japan",Tochigi,36.7567508,139.6029851,http://maps.google.com/?cid=14823195977417002581,Tochigi
Meijiza,"2 Chome-31-1 Nihonbashihamacho, Chuo City, Tokyo 103-0007, Japan",Tokyo,35.687902,139.786976,http://maps.google.com/?cid=2784842749734078520,Tokyo
Men-ya Inoichi Hanare,"Japan, 〒600-8076 Kyoto, Shimogyo Ward, Senshojicho, 463",Kyoto,34.9999817,135.763261,http://maps.google.com/?cid=9308459117682630403,Kyoto
Menko Ushio,"Japan, 〒101-0063 Tokyo, Chiyoda City, Kanda Awajicho, 2 Chome−４−4 アール神田淡路町 B1F",Tokyo,35.6963892,139.7677704,http://maps.google.com/?cid=3519305832366735324,Tokyo
Menya Kaijin Shinjuku Ten,"Japan, 〒160-0022 Tokyo, Shinjuku City, Shinjuku, 3 Chome−35−7 さんらくビル2F",Tokyo,35.6897433,139.7021957,http://maps.google.com/?cid=11355978000014477052,Tokyo
Miho Shrine,"608 Mihonosekicho Mihonoseki, Matsue, Shimane 690-1501, Japan",Shimane,35.5622817,133.306437,http://maps.google.com/?cid=15150145072785712971,Shimane
Mii-dera Temple,"246 Onjojicho, Otsu, Shiga 520-0036, Japan",Shiga,35.0133981,135.852861,http://maps.google.com/?cid=15031231823543743196,Shiga
Mijinco Coffee,"Japan, 〒113-0034 Tokyo, Bunkyo City, Yushima, 2 Chome−9−10 湯島三組ビル 1F",Tokyo,35.7040126,139.7669052,http://maps.google.com/?cid=10009344242020450595,Tokyo
Mikuriga-ike Pond,"Japan, 〒930-1406 Toyama, Nakaniikawa District, Tateyama, Ashikuraji, ブナ坂外11国有林",Toyama,36.5804903,137.5972082,http://maps.google.com/?cid=17667741278327254105,Toyama
Minamijiyuken,"1 Chome-11-5 Taishi, Nishinari Ward, Osaka, 557-0002, Japan",Osaka,34.6474693,135.5050146,http://maps.google.com/?cid=6889801221088318446,Osaka
Minashi Shrine,"5323 Ichinomiyamachi, Takayama, Gifu 509-3505, Japan",Gifu,36.085355,137.2518126,http://maps.google.com/?cid=4154086306557237061,Gifu
Minenoura Tarumizu Iseki,"Japan, 〒999-3301 Yamagata, Yamadera, 千手院",Yamagata,38.3180192,140.4431371,http://maps.google.com/?cid=16787663413552385665,Yamagata
Mirei Shigemori Garden Museum,"34 Yoshidakamiojicho, Sakyo Ward, Kyoto, 606-8312, Japan",Kyoto,35.0241044,135.7821629,http://maps.google.com/?cid=15262977664571949338,Kyoto
Mitsumine Shrine,"298-1 Mitsumine, Chichibu, Saitama 369-1902, Japan",Saitama,35.9254539,138.9304719,http://maps.google.com/?cid=17286724340641399812,Saitama
Miyajidake Shrine,"7-1 Miyaji Motomachi, Fukutsu, Fukuoka 811-3309, Japan",Fukuoka,33.7799141,130.4862328,http://maps.google.com/?cid=11757591745832193407,Fukuoka
Miyajima Light-up Cruise,"Ebisumachi-1162-18 Miyajimacho, Hatsukaichi, Hiroshima 739-0588, Japan",Aichi,34.3031538,132.322663,http://maps.google.com/?cid=7670135135304653863,Aichi
Miyajima Ropeway,"Japan, 〒739-0522 Hiroshima, Hatsukaichi, Miyajimacho, 紅葉谷公園",Aichi,34.2932587,132.3267509,http://maps.google.com/?cid=1684064049482664941,Aichi
Mojiko Beer Factory,"6-9 Higashiminatomachi, Moji Ward, Kitakyushu, Fukuoka 801-0853, Japan",Fukuoka,33.9485798,130.9628624,http://maps.google.com/?cid=16919228418393717916,Fukuoka
Momijidani Suspension Bridge,"1425-60 Sekiya, Nasushiobara, Tochigi 329-2801, Japan",Tochigi,36.9549769,139.8794436,http://maps.google.com/?cid=17207700937017583532,Tochigi
Momotaro Shrine,"Ohira-853 Kurisu, Inuyama, Aichi 484-0002, Japan",Aichi,35.405234,136.9662016,http://maps.google.com/?cid=15357680051941454962,Aichi
Mont-Blanc,"Japan, 〒152-0035 Tokyo, Meguro City, Jiyugaoka, 1 Chome−25−13 岩立ビル 1階",Tokyo,35.6095596,139.6685277,http://maps.google.com/?cid=18078543031909128138,Tokyo
Mosaic Tile Museum Tajimi,"2082-5 Kasaharacho, Tajimi, Gifu 507-0901, Japan",Gifu,35.299116,137.159534,http://maps.google.com/?cid=795103758025541656,Gifu
Mt. Fuji World Heritage Centre,"5-12 Miyacho, Fujinomiya, Shizuoka 418-0067, Japan",Shizuoka,35.22378,138.608858,http://maps.google.com/?cid=6860909163498435800,Shizuoka
Mt.Ushiro Seminar House Sansō.,"Ushiroji-1382 Tomocho, Fukuyama, Hiroshima 720-0202, Japan",Hiroshima,34.3838008,133.3771541,http://maps.google.com/?cid=228851922777316689,Hiroshima
Murin-an Garden,"Japan, 〒606-8437 Kyoto, Sakyo Ward, Nanzenji Kusakawacho, 31 ３１番地",Kyoto,35.0115712,135.7872752,http://maps.google.com/?cid=16812399602059243918,Kyoto
Museum Meiji-Mura,"Japan, 〒484-0000 Aichi, Inuyama, Uchiyama, 1番地",Aichi,35.3404417,136.9885261,http://maps.google.com/?cid=9069939203718383709,Aichi
"Museum of Modern Ceramic Art, Gifu","現代陶芸美術館 セラミックパークMINO, 内, 4 Chome-２-5 Higashimachi, Tajimi, Gifu 507-0801, Japan",Gifu,35.3307561,137.1553192,http://maps.google.com/?cid=17472077850651568356,Gifu
Myosen-ji,"29 Abutsubo, Sado, Niigata 952-0303, Japan",Niigata,37.9713241,138.3726234,http://maps.google.com/?cid=18364821656951454688,Niigata
Nakajima Taishodo,"448 Kaibaracho Kaibara, Tamba, Hyogo 669-3309, Japan",Hyogo,35.1299609,135.081544,http://maps.google.com/?cid=14859995160296679069,Hyogo
Nakamura-ya,"3 Chome-15-2 Kumoji, Naha, Okinawa 900-0015, Japan",Okinawa,26.2157227,127.6822839,http://maps.google.com/?cid=13868052967128304453,Okinawa
Nanzen-ji,"Nanzenji Fukuchicho, Sakyo Ward, Kyoto, 606-8435, Japan",Kyoto,35.0114138,135.7944841,http://maps.google.com/?cid=10924926609275223973,Kyoto
Naramachi Koshi-no-Ie (Lattice House),"44 Gangojicho, Nara, 630-8332, Japan",Nara,34.675011,135.830736,http://maps.google.com/?cid=7965453730652382741,Nara
Naritasan Shinsho-ji,"1 Narita, Chiba 286-0023, Japan",Chiba,35.7860511,140.3182485,http://maps.google.com/?cid=16031890772917928925,Chiba
"Nashikkokan, Tottori Nijisseiki Pear Museum","198-4 Dakyojicho, Kurayoshi, Tottori 682-0816, Japan",Tottori,35.4312712,133.8354156,http://maps.google.com/?cid=13687826627544736768,Tottori
Nasu Oyaji,"Japan, 〒155-0032 Tokyo, Setagaya City, Daizawa, 5 Chome−36−8 アルファビル 1F",Tokyo,35.6592719,139.6668722,http://maps.google.com/?cid=16542072058185177541,Tokyo
National Theatre Okinawa,"4 Chome-14-1 Jitchaku, Urasoe, Okinawa 901-2122, Japan",Okinawa,26.2461929,127.6887076,http://maps.google.com/?cid=9035212921940633714,Okinawa
National Treasure Osaki Hachiman Shrine,"4 Chome-6-1 Hachiman, Aoba Ward, Sendai, Miyagi 980-0871, Japan",Miyagi,38.2725199,140.8450332,http://maps.google.com/?cid=5653800970240925595,Miyagi
Nemichi Shrine,"448 Itatori, Seki, Gifu 501-2901, Japan",Gifu,35.6518982,136.8216947,http://maps.google.com/?cid=7484448622223870905,Gifu
Nihombashi Sonoji,"2 Chome-22-11 Nihonbashiningyocho, Chuo City, Tokyo 103-0013, Japan",Tokyo,35.686234,139.784539,http://maps.google.com/?cid=1200793359594671357,Tokyo
Niigata Katsudon Tarekatsu - Kichijoji Store,"1 Chome-1-9 Kichijoji Minamicho, Musashino, Tokyo 180-0003, Japan",Tokyo,35.702892,139.577801,http://maps.google.com/?cid=6669112889202811882,Tokyo
Nikujirumen Susumu,"Japan, 〒101-0021 Tokyo, Chiyoda City, Sotokanda, 3 Chome−7−12 イサミヤ第8ビル",Tokyo,35.7024541,139.7704514,http://maps.google.com/?cid=18119116161675878394,Tokyo
Ninna-ji Temple,"33 Omuroouchi, Ukyo Ward, Kyoto, 616-8092, Japan",Kyoto,35.0310937,135.7138198,http://maps.google.com/?cid=16869319989750642499,Kyoto
Nishi Hongan-ji Temple,"Japan, 〒600-8501 Kyoto, Shimogyo Ward, Honganji Monzencho",Kyoto,34.991777,135.7516549,http://maps.google.com/?cid=17646278351113804948,Kyoto
Nissekiji,"163 Oiwa, Kamiichi, Nakaniikawa District, Toyama 930-0463, Japan",Toyama,36.6622248,137.391158,http://maps.google.com/?cid=4432410369255863459,Toyama
Niukawakami Jinja,"968 Omura, Higashiyoshino, Yoshino District, Nara 633-2431, Japan",Nara,34.3902766,135.9864729,http://maps.google.com/?cid=1902695779748866074,Nara
No.1 Ryozenji Temple,"Tsukahana-126 Oasacho Bando, Naruto, Tokushima 779-0230, Japan",Tokushima,34.1596727,134.5025268,http://maps.google.com/?cid=12956892397881746209,Tokushima
No.15 Awa Kokubun Temple,"Yano-718-1 Kokufucho, Tokushima, 779-3126, Japan",Tokushima,34.0557035,134.4735965,http://maps.google.com/?cid=10701926414221837698,Tokushima
No.21 Tairyuji Temple,"Japan, 〒771-5173 Tokushima, Anan, Kamocho, 龍山2",Tokushima,33.882509,134.5217357,http://maps.google.com/?cid=14818402031678629017,Tokushima
No.31 Chikurin Temple,"3577 Godaisan, Kochi, 781-8125, Japan",Kochi,33.5465393,133.5765793,http://maps.google.com/?cid=796295377448613039,Kochi
Nobunaga no Yakata Museum,"777 Azuchicho Kuwanomiji, Omihachiman, Shiga 521-1321, Japan",Shiga,35.1488278,136.14795,http://maps.google.com/?cid=13629615441198728240,Shiga
Nukumori No Mori,"2949 Wajicho, Chuo Ward, Hamamatsu, Shizuoka 431-1115, Japan",Shizuoka,34.7653417,137.6573018,http://maps.google.com/?cid=1841659982087045269,Shizuoka
Ogamiyama Shrine Okunomiya,"1 Daisen, Saihaku District, Tottori 689-3318, Japan",Tottori,35.3886684,133.538933,http://maps.google.com/?cid=2339431268383091141,Tottori
Ogawa Waterfalls Observation Deck,"Nejimekawaminami, Minamiosumi, Kimotsuki District, Kagoshima 893-2501, Japan",Kagoshima,31.2005395,130.8244329,http://maps.google.com/?cid=346525799413851040,Kagoshima
Okayama Orient Museum,"9-31 Tenjincho, Kita Ward, Okayama, 700-0814, Japan",Okayama,34.6664575,133.9302965,http://maps.google.com/?cid=14423355931405457879,Okayama
Okazaki Park,"他 Okazaki Saishojicho, Sakyo Ward, Kyoto, 606-8342, Japan",Kyoto,35.0143945,135.7825372,http://maps.google.com/?cid=8629426864828700645,Kyoto
Oroji Tonkatsu,"3 Chome-17-21 Shinjuku, Shinjuku City, Tokyo 160-0022, Japan",Tokyo,35.6919452,139.7036978,http://maps.google.com/?cid=11062607449148301369,Tokyo
Oshima Honjinchaya,"16-1 Nishimigama, Suō-Ōshima, Oshima District, Yamaguchi 742-2101, Japan",Yamaguchi,33.9542961,132.1893008,http://maps.google.com/?cid=6099299740129432873,Yamaguchi
Oshiraji Falls,"Shimoisano, Yaita, Tochigi 329-2502, Japan",Tochigi,36.9220904,139.8266442,http://maps.google.com/?cid=17113894989081429462,Tochigi
Osorezan Bodaiji Temple,"Usoriyama-3-2 Tanabu, Mutsu, Aomori 035-0021, Japan",Aomori,41.3282428,141.0898174,http://maps.google.com/?cid=17133813492216883627,Aomori
Osu Kannon (Kitanosan Shinpuku-ji Hoshoin),"2 Chome-21-47 Osu, Naka Ward, Nagoya, Aichi 460-0011, Japan",Aichi,35.1596892,136.8994186,http://maps.google.com/?cid=2881118202202290152,Aichi
Oyama Afuri Shrine,"355 Oyama, Isehara, Kanagawa 259-1107, Japan",Kanagawa,35.4318672,139.2380301,http://maps.google.com/?cid=14849074436999249762,Kanagawa
Ozasa,"1 Chome-1-8 Kichijoji Honcho, Musashino, Tokyo 180-0004, Japan",Tokyo,35.703959,139.5791138,http://maps.google.com/?cid=15547006718129756026,Tokyo
PAMM家,"Japan, 〒150-0001 Tokyo, Shibuya, Jingumae, 4 Chome−17−17 PAMM家",Tokyo,35.6690257,139.7100918,http://maps.google.com/?cid=12839876918570131532,Tokyo
Paradise vintage,"Japan, 〒150-0001 Tokyo, Shibuya, Jingumae, 6 Chome−7−15 ＹＯビル A室 Paradise vintage",Tokyo,35.6672339,139.7057777,http://maps.google.com/?cid=10734280530570492030,Tokyo
Pompon Cakes,"Japan, 〒247-0063 Kanagawa, Kamakura, Kajiwara, 4 Chome−1−6 助川ビル 101",Kanagawa,35.3271211,139.5246576,http://maps.google.com/?cid=6540205164198058464,Kanagawa
PĀRAMITĀ·波羅蜜,"278-3 Nakasone, Nakijin, Kunigami District, Okinawa 905-0401, Japan",Okinawa,26.6815362,127.9754746,http://maps.google.com/?cid=5365678379415927777,Okinawa
QOO,"Japan, 〒150-0001 Tokyo, Shibuya, Jingumae, 5 Chome−2−6 コロネード神宮前 B1F-2F",Tokyo,35.665902,139.7094729,http://maps.google.com/?cid=5396542429175409170,Tokyo
RAGTAG,"Japan, 〒150-0001 Tokyo, Shibuya, Jingumae, 5 Chome−17−9 Hulic Jingumae, 1F・2F",Tokyo,35.6657568,139.7052181,http://maps.google.com/?cid=15427969971660052394,Tokyo
Rainbow Pancakes,"4 Chome-28-4 Jingumae, Shibuya, Tokyo 150-0001, Japan",Tokyo,35.6694483,139.7073142,http://maps.google.com/?cid=3545431049174850188,Tokyo
Rakanji,"Hojo-1293 Hojocho, Kasai, Hyogo 675-2312, Japan",Hyogo,34.9370333,134.8292833,http://maps.google.com/?cid=7611387584393095331,Hyogo
ReFa,"Japan, 〒150-0001 Tokyo, Shibuya, Jingumae, 4 Chome−12−10 表参道ヒルズ B2F",Tokyo,35.6672875,139.7090533,http://maps.google.com/?cid=10129079572111193582,Tokyo
Rengebuji,"182 Kobie, Sado, Niigata 952-0602, Japan",Niigata,37.8359293,138.2880374,http://maps.google.com/?cid=13954777246159767679,Niigata
Restaurant Iijima,"2 Chome-251-10 Miwa, Mito, Ibaraki 310-0911, Japan",Ibaraki,36.3769242,140.4316306,http://maps.google.com/?cid=18284376344582979958,Ibaraki
Rice Curry Manten,"Japan, 〒101-0051 Tokyo, Chiyoda City, Kanda Jinbocho, 1 Chome−５４",Tokyo,35.6983042,139.757631,http://maps.google.com/?cid=8235196959287333394,Tokyo
Rinsen-do,"Yahagi-101 Jumonjimachi Niida, Yokote, Akita 019-0505, Japan",Akita,39.2151558,140.518211,http://maps.google.com/?cid=11588034047192676721,Akita
Rosanjin's Iroha Soan,"18-5 Yamashiroonsen, Kaga, Ishikawa 922-0242, Japan",Ishikawa,36.287536,136.36057,http://maps.google.com/?cid=6123108499817832400,Ishikawa
Ryozen Shunju (Hanakoyado),"Japan, 〒651-1401 Hyogo, Kobe, Kita Ward, Arimacho, 1007 ホテル花小宿内",Hyogo,34.7962491,135.2476975,http://maps.google.com/?cid=13641613062245421564,Hyogo
Ryugu Sea Cave,"Touji, Shimoda, Shizuoka 415-0029, Japan",Shizuoka,34.6420928,138.9155638,http://maps.google.com/?cid=1405776583446610610,Shizuoka
Ryujin Falls,"1057-2 Kawaue, Nakatsugawa, Gifu 509-9201, Japan",Gifu,35.6431646,137.5122068,http://maps.google.com/?cid=8934757788944883578,Gifu
Ryujin-onsen Motoyu,"Japan, 〒645-0525 Wakayama, Tanabe, Ryujinmura Ryujin, ３７",Wakayama,33.9562765,135.5621255,http://maps.google.com/?cid=4870534796107621433,Wakayama
Ryukyu Glass Village,"169 Fukuji, Itoman, Okinawa 901-0345, Japan",Okinawa,26.0976231,127.6771751,http://maps.google.com/?cid=9914007305346530940,Okinawa
Ryusenjinoyu,"1 Chome-1501 Ryusenji, Moriyama Ward, Nagoya, Aichi 463-0801, Japan",Aichi,35.2238763,136.9876681,http://maps.google.com/?cid=14761007440544000395,Aichi
Ryōan-ji,"13 Ryoanji Goryonoshitacho, Ukyo Ward, Kyoto, 616-8001, Japan",Kyoto,35.0344943,135.7182634,http://maps.google.com/?cid=16261116435795248450,Kyoto
Saijo Inari Myokyo Temple,"712 Takamatsuinari, Kita Ward, Okayama, 701-1331, Japan",Okayama,34.7093792,133.8327992,http://maps.google.com/?cid=14017930206158507418,Okayama
Saimyo-ji Honbo (Abbot’s Quarters),"Japan, 〒522-0254 Shiga, Inukami District, 犬上郡甲良町 甲良町池寺26",Shiga,35.1840706,136.2842926,http://maps.google.com/?cid=4801228310631837718,Shiga
Saishōin Temple,"63 Doyamachi, Hirosaki, Aomori 036-8196, Japan",Aomori,40.5963366,140.4686587,http://maps.google.com/?cid=12049974784675619803,Aomori
Saiwaiken,"Japan, 〒104-0045 Tokyo, Chuo City, Tsukiji, 4 Chome−10−5 夕月 1F",Tokyo,35.6653588,139.7703397,http://maps.google.com/?cid=972417942552430162,Tokyo
Sakanaan Senjojiki,"3175 Arige, Wakamatsu Ward, Kitakyushu, Fukuoka 808-0123, Japan",Fukuoka,33.9359327,130.6948433,http://maps.google.com/?cid=4361552786698978613,Fukuoka
Sakurajima Hotel,"1078-64 Furusatocho, Kagoshima, 891-1544, Japan",Kagoshima,31.55231,130.65942,http://maps.google.com/?cid=8336459593861498342,Kagoshima
Sakuramatsu Shrine,"89 Takahata, Hachimantai, Iwate 028-7542, Japan",Iwate,40.0664774,141.0611557,http://maps.google.com/?cid=776729255739351517,Iwate
Sanbutsu-ji Temple,"1010 Mitoku, Misasa, Tōhaku District, Tottori 682-0132, Japan",Tottori,35.3993014,133.9557499,http://maps.google.com/?cid=17068635595467128512,Tottori
Sangirou Saryou KAITO,"3 Chome-6-8 Kiyotaki, Moji Ward, Kitakyushu, Fukuoka 801-0833, Japan",Fukuoka,33.942945,130.9635447,http://maps.google.com/?cid=1576606469585457171,Fukuoka
Satsumaji,"6-29 Higashisengokucho, Kagoshima, 892-0842, Japan",Kagoshima,31.5918095,130.5530806,http://maps.google.com/?cid=13336584856118874087,Kagoshima
Seiganto-ji,"8 Nachisan, Nachikatsuura, Higashimuro District, Wakayama 649-5301, Japan",Wakayama,33.6691482,135.889849,http://maps.google.com/?cid=16791245111486316804,Wakayama
Seisuiji Temple,"124-1 Niiboono, Sado, Niigata 952-0109, Japan",Niigata,37.9973657,138.437807,http://maps.google.com/?cid=4622185978041148301,Niigata
Senjo-jiki,"Shimoaikawa, Sado, Niigata 952-1501, Japan",Niigata,38.0427552,138.2334197,http://maps.google.com/?cid=15408363465218732914,Niigata
Senjojiki Rock Plateau,"2927-72, Shirahama, Nishimuro District, Wakayama 649-2211, Japan",Wakayama,33.6707012,135.3304584,http://maps.google.com/?cid=16676703384593858713,Wakayama
Shibuki,"2252-1 Kanzanjicho, Chuo Ward, Hamamatsu, Shizuoka 431-1209, Japan",Shizuoka,34.7664655,137.6133663,http://maps.google.com/?cid=7205133296145455587,Shizuoka
Shikaumi Shrine,"877 Shikashima, Higashi Ward, Fukuoka, 811-0323, Japan",Fukuoka,33.6679005,130.3132267,http://maps.google.com/?cid=654311874145332869,Fukuoka
Shimizu,"6 Chome-21-4 Tsukiji, Chuo City, Tokyo 104-0045, Japan",Tokyo,35.6644431,139.7722163,http://maps.google.com/?cid=14016438838296500298,Tokyo
Shimogamo Shrine,"Japan, 〒606-0807 Kyoto, Sakyo Ward, Shimogamo Izumikawacho, ５９",Kyoto,35.0389778,135.7730068,http://maps.google.com/?cid=268029265908714956,Kyoto
Shin Yakushi-ji,"1352 Takabatakecho, Nara, 630-8301, Japan",Nara,34.675866,135.846177,http://maps.google.com/?cid=17454579940978817483,Nara
Shinshuji,"3-10 Furukawacho Sannomachi, Hida, Gifu 509-4236, Japan",Gifu,36.233892,137.184639,http://maps.google.com/?cid=13437256472522186712,Gifu
Shiofune Kannon-ji,"194 Shiobune, Ome, Tokyo 198-0011, Japan",Tokyo,35.8051102,139.2802348,http://maps.google.com/?cid=10593938247842232376,Tokyo
Shipporyuji,"8 Ogi, Izumisano, Osaka 598-0023, Japan",Osaka,34.3385751,135.3872938,http://maps.google.com/?cid=15436329219800547148,Osaka
Shiraito Falls,"273-1 Kamiide, Fujinomiya, Shizuoka 418-0103, Japan",Shizuoka,35.3128675,138.587441,http://maps.google.com/?cid=660404680206738851,Shizuoka
Shirasa Shokudo,"176 Kouri, Nakijin, Kunigami District, Okinawa 905-0406, Japan",Okinawa,26.6966389,128.0166389,http://maps.google.com/?cid=9801697306229981360,Okinawa
Shirayama Hime Shrine,"Japan, 〒920-2114 Ishikawa, Hakusan, Sannomiyamachi, 二１０５−１",Ishikawa,36.4348594,136.6364553,http://maps.google.com/?cid=10777508524028088477,Ishikawa
Shoko-ji,"17-1 Fushikifurukokufu, Takaoka, Toyama 933-0112, Japan",Toyama,36.7925962,137.0523559,http://maps.google.com/?cid=2520644127096055739,Toyama
Shorei-sha Shrine Tainai-Kuguri (Narrow Sanctified Cavern),"Nachisan, Nachikatsuura, Higashimuro District, Wakayama 649-5301, Japan",Wakayama,33.6688371,135.8902795,http://maps.google.com/?cid=5785486793983424325,Wakayama
Shouro,"4 Chome-13-13 Tsukiji, Chuo City, Tokyo 104-0045, Japan",Tokyo,35.6650701,139.7702169,http://maps.google.com/?cid=11094728588931790716,Tokyo
Shunseki Suzue,"58-1 Okazaki Enshojicho, Sakyo Ward, Kyoto, 606-8344, Japan",Kyoto,35.0111506,135.7819147,http://maps.google.com/?cid=5656081392234124975,Kyoto
Shōnan-Enoshima Station,"3-chōme-15 Katase, Fujisawa, Kanagawa 251-0032, Japan",Kanagawa,35.3117812,139.4877095,http://maps.google.com/?cid=7298866240206197707,Kanagawa
Shūon-an (Ikkyū-ji) Temple,"102 Takigisatonouchi, Kyotanabe, Kyoto 610-0341, Japan",Kyoto,34.8207456,135.7570814,http://maps.google.com/?cid=8623856434053939735,Kyoto
Sizuya - Kyoto Station,"Japan, 〒600-8215 Kyoto, Shimogyo Ward, Higashishiokoji Takakuracho, 8-3 京都駅八条口 アスティロード内",Kyoto,34.984535,135.75862,http://maps.google.com/?cid=14879762682579087494,Kyoto
Soba House Konjiki-Hototogisu,"Japan, 〒160-0022 Tokyo, Shinjuku City, Shinjuku, 2 Chome−4−1 第22宮庭マンション 1階105号室",Tokyo,35.6887843,139.7082917,http://maps.google.com/?cid=375087105094678283,Tokyo
Sojiki Nakahigashi,"32-3 Jodoji Ishibashicho, Sakyo Ward, Kyoto, 606-8406, Japan",Kyoto,35.027595,135.792715,http://maps.google.com/?cid=7924777440276239171,Kyoto
Solaria Nishitetsu Hotel,"2 Chome-2-43 Tenjin, Chuo Ward, Fukuoka, 810-0001, Japan",Fukuoka,33.5890853,130.3988213,http://maps.google.com/?cid=15079166230498313696,Fukuoka
Statue of Tatsuko,"Katajiri Nishikicho Saimyoji, Semboku, Akita 014-0511, Japan",Akita,39.7140947,140.6342613,http://maps.google.com/?cid=11306936473659668427,Akita
Subzero Forest (Hyotenkan no Mori),"355 Asahicho Kurumijima, Takayama, Gifu 509-3313, Japan",Gifu,35.9856622,137.4026926,http://maps.google.com/?cid=9475538411572177000,Gifu
Suehiro,"Nikadori-133-1 Hirara, Miyakojima, Okinawa 906-0008, Japan",Okinawa,24.8138539,125.2821891,http://maps.google.com/?cid=16376188570960793942,Okinawa
Sugahara Shrine,"4014 Tenjincho, Kanoya, Kagoshima 891-2313, Japan",Kagoshima,31.3795937,130.7774017,http://maps.google.com/?cid=7788997161371292816,Kagoshima
Suginoya,"2635 Fujicho Oaza Osoegawa, Saga, 840-0521, Japan",Saga,33.3738149,130.2104668,http://maps.google.com/?cid=15591871289793361279,Saga
Suizenji Jojuen Garden,"8-1 Suizenji Koen, Chuo Ward, Kumamoto, 862-0956, Japan",Kumamoto,32.7911584,130.7333645,http://maps.google.com/?cid=8430181699338578675,Kumamoto
Sujiyu Onsen Iwanyu,"232 Yutsubo, Kokonoe, Kusu District, Oita 879-4912, Japan",Oita,33.114328,131.1863313,http://maps.google.com/?cid=5612690834928509290,Oita
Sukiyabashi Jiro,"Japan, 〒104-0061 Tokyo, Chuo City, Ginza, 4 Chome−2−15 塚本総業ビル B1階",Tokyo,35.6727404,139.7639378,http://maps.google.com/?cid=1055047344221220965,Tokyo
Sukiyaki Kimura,"300 Higashidaimonjicho, Nakagyo Ward, Kyoto, 604-8043, Japan",Kyoto,35.0045352,135.7666558,http://maps.google.com/?cid=9512232088041472521,Kyoto
Sumatra Curry Kyōeidō,"Japan, 〒101-0051 Tokyo, Chiyoda City, Kanda Jinbocho, 1 Chome−6 サンビル B1",Tokyo,35.6962017,139.7593576,http://maps.google.com/?cid=10900902120686274607,Tokyo
Sumibiya Nōkō Chūkasoba Shifudō,"Japan, 〒101-0045 Tokyo, Chiyoda City, Kanda Kajicho, 3 Chome−３−2",Tokyo,35.6933421,139.770846,http://maps.google.com/?cid=17828057007270479775,Tokyo
Sumiyoshi Shrine,"3 Chome-1-51 Sumiyoshi, Hakata Ward, Fukuoka, 812-0018, Japan",Fukuoka,33.5858948,130.4136385,http://maps.google.com/?cid=1353508457548761201,Fukuoka
Suwa Shrine,"18-15 Kaminishiyamamachi, Nagasaki, 850-0006, Japan",Nagasaki,32.7543032,129.8819114,http://maps.google.com/?cid=17805030989751485079,Nagasaki
TOTTSUAN Tenroku,"7 Chome-6-22 Tenjinbashi, Kita Ward, Osaka, 531-0041, Japan",Osaka,34.7120209,135.5110656,http://maps.google.com/?cid=2385243791159081186,Osaka
Tachinomi-dokoro Nanatsuya Kyobashi,"3 Chome-2-13 Higashinodamachi, Miyakojima Ward, Osaka, 534-0024, Japan",Osaka,34.6973841,135.5346347,http://maps.google.com/?cid=5759472494050216840,Osaka
Taineiji,"Japan, 〒759-4103 Yamaguchi, Nagato, Fukawayumoto, 門前1074-1",Yamaguchi,34.3281802,131.1629244,http://maps.google.com/?cid=3971715119669209844,Yamaguchi
Tajimaya,"2 Chome-3-4 Nishidemachi, Hyogo Ward, Kobe, Hyogo 652-0822, Japan",Hyogo,34.6728763,135.1772668,http://maps.google.com/?cid=3260923578410623883,Hyogo
Takaragawa Onsen,"Japan, 〒379-1721 Gunma, Tone District, Minakami, Fujiwara, 1899 宝川温泉汪泉閣内施設",Gunma,36.8477676,139.0478199,http://maps.google.com/?cid=15268482255914775935,Gunma
Takaya Shrine,"2800 Takayacho, Kanonji, Kagawa 768-0002, Japan",Kagawa,34.1607336,133.654871,http://maps.google.com/?cid=3412295249891096451,Kagawa
Takayama Inari Shrine,"Washinosawa-147-1 Ushigatacho, Tsugaru, Aomori 038-3305, Japan",Aomori,40.9373361,140.3129821,http://maps.google.com/?cid=3036022328866709877,Aomori
Takocho,"1 Chome-237 Miyagawasuji, Higashiyama Ward, Kyoto, 605-0801, Japan",Kyoto,35.002023,135.771618,http://maps.google.com/?cid=1710188905337198360,Kyoto
Takumi (Arts & Crafts) Gallery,"Japan, 〒810-0001 Fukuoka, Chuo Ward, Tenjin, 1 Chome−1−1 アクロス福岡 1階・2階",Fukuoka,33.591104,130.4023803,http://maps.google.com/?cid=14490453234989856995,Fukuoka
Tansōan Kenjirō Handmade Soba Asakusa,"3 Chome-35-3 Asakusa, Taito City, Tokyo 111-0032, Japan",Tokyo,35.71754,139.795858,http://maps.google.com/?cid=4897401049208308736,Tokyo
Tara-jiru Sakae Shokudo,"647-1 Sakai, 朝日町 Asahi, Shimoniikawa District, Toyama 939-0704, Japan",Toyama,36.9755269,137.6122931,http://maps.google.com/?cid=9607595463670448990,Toyama
Taradakeonsen Kanigoten,"Otsu-316-3 Oura, Tara, Fujitsu District, Saga 849-1615, Japan",Saga,32.9578872,130.2056164,http://maps.google.com/?cid=8338274191048025476,Saga
Tarobo Shrine (Aga Shrine),"2247 Owakicho, Higashiomi, Shiga 527-0091, Japan",Shiga,35.1180456,136.1815163,http://maps.google.com/?cid=139873245817402312,Shiga
Tateyama Museum of Toyama (Exhibition Hall),"93-1 Ashikuraji, Tateyama, Nakaniikawa District, Toyama 930-1406, Japan",Toyama,36.5825459,137.3936029,http://maps.google.com/?cid=13970637993804013824,Toyama
Tengu Pass,"Ajigasawa, Nishitsugaru District, Aomori 038-2723, Japan",Aomori,40.5611622,140.103274,http://maps.google.com/?cid=16762337766522457753,Aomori
Tensha-en Garden,"1 Tenshakoen, Uwajima, Ehime 798-0065, Japan",Ehime,33.215505,132.561124,http://maps.google.com/?cid=3099508383974593357,Ehime
Tentoku-in Temple (Pilgrim's Lodging),"370 Koyasan, Koya, Ito District, Wakayama 648-0211, Japan",Wakayama,34.2122099,135.5841581,http://maps.google.com/?cid=8562281008860285117,Wakayama
The Sauna,"Japan, 〒389-1303 Nagano, Kamiminochi District, Shinano, Nojiri, 379-2 LAMP野尻湖内",Nagano,36.8254365,138.2046526,http://maps.google.com/?cid=6610817904122747360,Nagano
Tobu Museum,"4 Chome-28-16 Higashimukojima, Sumida City, Tokyo 131-0032, Japan",Tokyo,35.7247828,139.8194468,http://maps.google.com/?cid=17980664725987720482,Tokyo
Tochoji Temple,"2-4 Gokushomachi, Hakata Ward, Fukuoka, 812-0037, Japan",Fukuoka,33.5949498,130.4143877,http://maps.google.com/?cid=15633986162349195200,Fukuoka
Togakushi Shrine Hinomikosha,"2412 Togakushi, Nagano, 381-4101, Japan",Nagano,36.7356462,138.083619,http://maps.google.com/?cid=16978572561186484063,Nagano
Togakushi Shrine Houkosha,"3506 Togakushi, Nagano, 381-4101, Japan",Nagano,36.7324726,138.0758748,http://maps.google.com/?cid=17736428347996901885,Nagano
Togakushi Shrine Kuzuryusha,"3690 Togakushi, Nagano, 381-4101, Japan",Nagano,36.7653326,138.0620878,http://maps.google.com/?cid=16572326713784358439,Nagano
Togu-do,"2 Ginkakujicho, Sakyo Ward, Kyoto, 606-8402, Japan",Kyoto,35.0268865,135.7984615,http://maps.google.com/?cid=783355012851898422,Kyoto
"Toki Watching Tower and Observation Deck ""Toki Terrace""","1277 Niiboshomyoji, Sado, Niigata 952-0105, Japan",Niigata,38.0181392,138.4494163,http://maps.google.com/?cid=6850948215293355798,Niigata
Tokuunji,"4526 Iriyamabe, Matsumoto, Nagano 390-0222, Japan",Nagano,36.221409,138.044977,http://maps.google.com/?cid=4223850091598462267,Nagano
Tombo,"4 Chome-16-12 Kichijoji Minamicho, Musashino, Tokyo 180-0003, Japan",Tokyo,35.6986707,139.5894393,http://maps.google.com/?cid=11675308081055066495,Tokyo
Tominokoji Yamagishi,"560 Honeyanocho, Nakagyo Ward, Kyoto, 604-8064, Japan",Kyoto,35.0067847,135.7648758,http://maps.google.com/?cid=3333874447088789250,Kyoto
Tonkatsu Marushichi | Monzen-nakacho,"1 Chome-12-5 Monzennakacho, Koto City, Tokyo 135-0048, Japan",Tokyo,35.6735036,139.794844,http://maps.google.com/?cid=11846842331063618326,Tokyo
Tontei,"1-11 Tenneijimachi, Aizuwakamatsu, Fukushima 965-0805, Japan",Fukushima,37.4880433,139.9456315,http://maps.google.com/?cid=3065740119419836792,Fukushima
Toriiwaro,"Japan, 〒602-8446 Kyoto, Kamigyo Ward, Itsutsujicho, 75",Kyoto,35.0309948,135.7466789,http://maps.google.com/?cid=6977823613938839834,Kyoto
Totti Candy Factory,"Japan, 〒150-0001 Tokyo, Shibuya, Jingumae, 1 Chome−16−5 Ｒｙｕあぱるとまん 2F",Tokyo,35.6711695,139.7045857,http://maps.google.com/?cid=10435876437063909305,Tokyo
Tottori Prefectural Museum of Art,"2 Chome-3-12 Dakyojicho, Kurayoshi, Tottori 682-0816, Japan",Tottori,35.4324183,133.8389104,http://maps.google.com/?cid=14655198779223393775,Tottori
Toyosugururi Koen Jidosha Parking Lot,"6 Chome-5 Toyosu, Koto City, Tokyo 135-0061, Japan",Tokyo,35.6412461,139.7787932,http://maps.google.com/?cid=2252444053154523509,Tokyo
Tsubosaka-dera,"Japan, 〒635-0102 Nara, Takaichi District, Takatori, 壷阪3",Aichi,34.4264652,135.8099277,http://maps.google.com/?cid=14242329116301323468,Aichi
Tsugami Shrine,"613 Ryotsuogawa, Sado, Niigata 952-3435, Japan",Niigata,38.0824018,138.5490605,http://maps.google.com/?cid=3742260749753749170,Niigata
Tsukiji Aozora Sandaime Tsukiji Honten,"Japan, 〒104-0045 Tokyo, Chuo City, Tsukiji, 4 Chome−13−8 トラスト築地ＫＮビル",Tokyo,35.6649843,139.7705353,http://maps.google.com/?cid=2998448531215099851,Tokyo
Tsukiji Fish Burger MASA,"4 Chome-10-8 Tsukiji, Chuo City, Tokyo 104-0045, Japan",Tokyo,35.6653208,139.7701501,http://maps.google.com/?cid=14976869243431166644,Tokyo
Tsurigane Cave,"Kuji, Iwate 028-0041, Japan",Iwate,40.1785545,141.8340029,http://maps.google.com/?cid=1938758740935068874,Iwate
Tsurubeotoshi Mountain Pass,"Dairakozan, Fujisato, Yamamoto District, Akita 018-3202, Japan",Akita,40.4378512,140.3230084,http://maps.google.com/?cid=3499270749824132826,Akita
Tsutafuji Main Store,"2 Chome-10-17 Tsuchido, Onomichi, Hiroshima 722-0035, Japan",Hiroshima,34.4085451,133.2033803,http://maps.google.com/?cid=9111644244913689319,Hiroshima
Tōfuku-ji Temple,"15 Chome-778 Honmachi, Higashiyama Ward, Kyoto, 605-0981, Japan",Kyoto,34.976025,135.7737627,http://maps.google.com/?cid=7117677159742707137,Kyoto
Uesugi Shrine,"1 Chome-4-13 Marunouchi, Yonezawa, Yamagata 992-0052, Japan",Yamagata,37.9092616,140.1041694,http://maps.google.com/?cid=7274790019455131188,Yamagata
Ujikami Shrine,"Japan, 〒611-0021 Kyoto, Uji, Yamada−５９",Kyoto,34.8919274,135.8112954,http://maps.google.com/?cid=1252017123913850719,Kyoto
Ukiha Inari Shrine,"1513-9 Ukihamachi Nagarekawa, Ukiha, Fukuoka 839-1411, Japan",Fukuoka,33.3230078,130.7917393,http://maps.google.com/?cid=2417796970604039272,Fukuoka
Umeji,"Japan, 〒980-0021 Miyagi, Sendai, Aoba Ward, Central, 1 Chome−6−23 鹿島ビル 1F",Miyagi,38.262777,140.878666,http://maps.google.com/?cid=16659473583292063071,Miyagi
Umezono Sanjo Teramachi Store,"526 Tenshojimaecho, Nakagyo Ward, Kyoto, 604-8081, Japan",Kyoto,35.0087894,135.7670934,http://maps.google.com/?cid=11336248267169854330,Kyoto
Umikaji Terrace Senagajima,"Japan, 〒901-0233 Okinawa, Tomigusuku, Senaga, １７４−6",Okinawa,26.1766603,127.6404367,http://maps.google.com/?cid=11904711692991169464,Okinawa
Unazen,"3 Chome-6-18 Azumabashi, Sumida City, Tokyo 130-0001, Japan",Tokyo,35.7088356,139.805712,http://maps.google.com/?cid=603762350995477227,Tokyo
Unganzenji Temple,"589 Matsuomachi Hirayama, Nishi Ward, 熊本市西区 Kumamoto 861-5282, Japan",Kumamoto,32.8196122,130.6228461,http://maps.google.com/?cid=6933659087613670107,Kumamoto
Unrinji (Cat Temple),"2489 Kibekami, Hagi, Yamaguchi 758-0304, Japan",Yamaguchi,34.4428721,131.5876052,http://maps.google.com/?cid=11549783082240134496,Yamaguchi
Unshoji,"Japan, 〒010-0683 Akita, Oga, Kitaurakitaura, Kitaura−５７",Akita,39.9622823,139.7806206,http://maps.google.com/?cid=7196107065065363106,Akita
Unzen Jigoku,"320 Obamacho Unzen, Unzen, Nagasaki 854-0621, Japan",Nagasaki,32.740454,130.2635351,http://maps.google.com/?cid=18027113335459625495,Nagasaki
Upper Togakushi Shrine,"3506 Togakushi, Nagano, 381-4101, Japan",Nagano,36.7656242,138.0620982,http://maps.google.com/?cid=13864893087181514137,Nagano
VALLEY PARK STAND,"Japan, 〒150-0001 Tokyo, Shibuya, Jingumae, 6 Chome−20−10 MIYASHITA PARK North, MIYASHITA PARK North sequence MIYASHITA PARK 4F",Tokyo,35.663284,139.7018749,http://maps.google.com/?cid=4994198675201567842,Tokyo
Vinteji Deco Ginzaten,"Japan, 〒104-0061 Tokyo, Chuo City, Ginza, 2 Chome−4−6 ベルビア館 5F 銀座ロフト",Tokyo,35.6739889,139.766406,http://maps.google.com/?cid=11847322433974949187,Tokyo
Wa Yamamura,"2 Chome-11-15 Shibatsujicho, Nara, 630-8114, Japan",Nara,34.685875,135.8128743,http://maps.google.com/?cid=12599341529084343592,Nara
Wagyu Yakiniku & Sake all-you-can-drink Niku-no-Himalaya to nomuno,"2 Chome-13-2 Shintomi, Chuo City, Tokyo 104-0041, Japan",Tokyo,35.6707727,139.774511,http://maps.google.com/?cid=1261357882643098886,Tokyo
Wake Town Wisteria Park,"1893 Fujino, Wake, Wake District, Okayama 709-0412, Japan",Okayama,34.8209732,134.1744483,http://maps.google.com/?cid=11977242579385833990,Okayama
Yajiman,"Japan, 〒135-0061 Tokyo, Koto City, Toyosu, 6 Chome−6−1 管理施設棟 3階",Tokyo,35.6442366,139.7841899,http://maps.google.com/?cid=3518469027777789772,Tokyo
Yakiniku Shioyaki Satsuma,"1 Chome-1-21 Dojima, Kita Ward, Osaka, 530-0003, Japan",Osaka,34.6964009,135.5003601,http://maps.google.com/?cid=9892155427079620150,Osaka
Yamaakari,"792-1 Fujicho Oaza Furuyu, Saga, 840-0501, Japan",Saga,33.3712972,130.2072994,http://maps.google.com/?cid=17420567617591636201,Saga
Yamagataya,"Japan, 〒530-0003 Osaka, Kita Ward, Dojima, 1 Chome−5−5 エスパス北新地25 3F",Osaka,34.6959487,135.4966781,http://maps.google.com/?cid=8846522012229727497,Osaka
Yamanashi Prefectural Fuji-yuusui-no-sato & Mori-no-naka Aquarium,"3098-1 Shibokusa, Oshino, Minamitsuru District, Yamanashi 401-0511, Japan",Yamanashi,35.455605,138.8240633,http://maps.google.com/?cid=12729255689447508924,Yamanashi
Yobo-kan (Tateyama Museum),"6 Ashikuraji, Tateyama, Nakaniikawa District, Toyama 930-1406, Japan",Toyama,36.5813185,137.3978742,http://maps.google.com/?cid=7726440298608184985,Toyama
Yokohama Hakkeijima Sea Paradise,"Hakkeijima, Kanazawa Ward, Yokohama, Kanagawa 236-0006, Japan",Kanagawa,35.336458,139.6452299,http://maps.google.com/?cid=4712356050287709511,Kanagawa
Yoshizawa,"4 Chome-13-15 Tsukiji, Chuo City, Tokyo 104-0045, Japan",Tokyo,35.6652033,139.7704274,http://maps.google.com/?cid=10123424154642784003,Tokyo
Yoshoku Katsui Midosuji Lodge,"Japan, 〒542-0081 Osaka, Chuo Ward, Minamisenba, 4 Chome−3−11 Osaka Toyota Bld., B1F",Osaka,34.6761739,135.4998229,http://maps.google.com/?cid=11856191561368912695,Osaka
Yuji,"11-11-1 Udagawacho, Shibuya, Tokyo 150-0042, Japan",Tokyo,35.6625792,139.6973297,http://maps.google.com/?cid=10462340537230862048,Tokyo
Yuki no Ōtani,"Japan, 〒930-1406 Toyama, Nakaniikawa District, Tateyama, Ashikuraji, ブナ坂11",Toyama,36.5760814,137.5915936,http://maps.google.com/?cid=12240867775978241661,Toyama
Yumeteppo Uehommachi honten,"Japan, 〒543-0028 Osaka, Tennoji Ward, Obasecho, 12−15 エバーグリーン上本町1F",Osaka,34.6661891,135.5246714,http://maps.google.com/?cid=14195937255307566241,Osaka
Yunangi,"3 Chome-3-3 Kumoji, Naha, Okinawa 900-0015, Japan",Okinawa,26.2144641,127.6819102,http://maps.google.com/?cid=13564136191706926577,Okinawa
Zauo Shibuya,"Japan, 〒150-0041 Tokyo, Shibuya, Jinnan, 1 Chome−19−3 ハイマンテン神南ビル B1F",Tokyo,35.6624737,139.6998545,http://maps.google.com/?cid=10477882707245795315,Tokyo
Zenkoji temple Unjouden Noukotsudou,"3 Chome-1775番地 Hakoshimizu, Nagano, 380-0802, Japan",Nagano,36.6704415,138.1886567,http://maps.google.com/?cid=666309847422652018,Nagano
Zojo-ji Temple,"4 Chome-7-35 Shibakoen, Minato City, Tokyo 105-0011, Japan",Tokyo,35.657479,139.7482928,http://maps.google.com/?cid=9846179875119807780,Tokyo
Zooton's,"Japan, 〒900-0015 Okinawa, Naha, Kumoji, 3 Chome−4−9 河田ビル",Okinawa,26.214854,127.682737,http://maps.google.com/?cid=10587088354417545083,Okinawa
Zuikozan Kiyomizudera Temple,"Japan, 〒692-0033 Shimane, Yasugi, Kiyomizucho, 528 ５２８番地",Shimane,35.4022321,133.2819073,http://maps.google.com/?cid=8292645339358136311,Shimane
Zuishō-ji,"3 Chome-2-19 Shirokanedai, Minato City, Tokyo 108-0071, Japan",Tokyo,35.6373116,139.7269666,http://maps.google.com/?cid=8132531598926265539,Tokyo
Zuiunji,"256 Kagamigawacho, Hirado, Nagasaki 859-5152, Japan",Nagasaki,33.3700504,129.5509103,http://maps.google.com/?cid=2626530977321913732,Nagasaki
anrealage homme harajuku,"Japan, 〒150-0001 Tokyo, Shibuya, Jingumae, 6 Chome−29−10 ARビル 1F",Tokyo,35.6676867,139.7044726,http://maps.google.com/?cid=9437496942926591327,Tokyo
bistro rojiura,"Japan, 〒150-0042 Tokyo, Shibuya, Udagawacho, 11−2 宇田川柳光ビル 1F",Tokyo,35.662411,139.6973748,http://maps.google.com/?cid=11516057775302641215,Tokyo
pejite青山,"Japan, 〒107-0062 Tokyo, Minato City, Minamiaoyama, 5 Chome−6−9 サウス青山マンション 102",Tokyo,35.6634786,139.7122463,http://maps.google.com/?cid=13850900849530444130,Tokyo
ryukyu cuisine mie,"1 Chome-8-8 Kumoji, Naha, Okinawa 900-0015, Japan",Okinawa,26.214871,127.6781751,http://maps.google.com/?cid=7226556518290139142,Okinawa
Ōfuna Kannon-ji,"1 Chome-5-3 Okamoto, Kamakura, Kanagawa 247-0072, Japan",Kanagawa,35.3529517,139.5284799,http://maps.google.com/?cid=13308430424592242669,Kanagawa
Ōmiya Western Sweets Shop,"2 Chome-4 Kanda Awajicho, Chiyoda City, Tokyo 101-0063, Japan",Tokyo,35.6964718,139.7677687,http://maps.google.com/?cid=14154797501030804709,Tokyo
うなぎのしお冨,"Japan, 〒611-0001 Kyoto, Uji, Rokujizo, Machinami−４０",Kyoto,34.933006,135.7988752,http://maps.google.com/?cid=16132025657499396033,Kyoto
うなぎ食事処 浜乃木,"2221-1 Kanzanjicho, Chuo Ward, Hamamatsu, Shizuoka 431-1209, Japan",Shizuoka,34.7674564,137.6132528,http://maps.google.com/?cid=11753974159151481013,Shizuoka
ちまぐー,"580-1 Gogayama, Nakijin, Kunigami District, Okinawa 905-0413, Japan",Okinawa,26.6433272,127.9623917,http://maps.google.com/?cid=14032233795351993740,Okinawa
ふぐ処 佐じか,"1 Chome-23-13 Hachioji, Hofu, Yamaguchi 747-0037, Japan",Yamaguchi,34.056156,131.56758,http://maps.google.com/?cid=11153775283756277251,Yamaguchi
らーめんヒグマ 小千谷本店,"3 Chome-6-1107 Jonai, Ojiya, Niigata 947-0028, Japan",Niigata,37.3154539,138.78756,http://maps.google.com/?cid=6188117193663280496,Niigata
カフェウエスヤ,"Shimozato-43 Hirara, Miyakojima, Okinawa 906-0013, Japan",Okinawa,24.805372,125.2779,http://maps.google.com/?cid=9532980621535047316,Okinawa
シラスウナギ漁 駐車場,"Tenjin Kamisuketocho, Tokushima, 770-0801, Japan",Tokushima,34.0907651,134.5539202,http://maps.google.com/?cid=15556641989589941532,Tokushima
ハナタロウ商店,"Japan, 〒507-0033 Gifu, Tajimi, Honmachi, 6 Chome−５９−2",Gifu,35.3341879,137.1325785,http://maps.google.com/?cid=484485197658594272,Gifu
ミートショップＳＨＩＭＯＨＡＲＡ,"2750 Kami, Jinsekikogen Town, Jinseki District, Hiroshima 720-1525, Japan",Hiroshima,34.697893,133.245214,http://maps.google.com/?cid=381242816651737876,Hiroshima
上陸大師像,"Hijirisaki-5-4 大字大井字 Minamichita, Chita District, Aichi 470-3502, Japan",Aichi,34.7189884,136.970002,http://maps.google.com/?cid=12645987829070173072,Aichi
丹波篠山 猪料理専門店 奥栄,"492-5 Fujiokaoku, Tamba-Sasayama, Hyogo 669-2369, Japan",Hyogo,35.1064413,135.2173501,http://maps.google.com/?cid=14316402481347175615,Hyogo
二手衫 torovintageclothing,"Japan, 〒150-0001 Tokyo, Shibuya, Jingumae, 1 Chome−2−10 メゾン・ド・シモン 1F",Tokyo,35.6738482,139.705925,http://maps.google.com/?cid=9897953161392365856,Tokyo
信州 里の菓工房,"2513番地2 Nanakubo, Iijima, Kamiina District, Nagano 399-3705, Japan",Nagano,35.6627087,137.9107002,http://maps.google.com/?cid=2469429948557894727,Nagano
修善寺自然公園 もみじ林,"Shuzenji, Izu, Shizuoka 410-2416, Japan",Shizuoka,34.9779982,138.9129614,http://maps.google.com/?cid=12876845912460203274,Shizuoka
善乃園,"4 Chome-12-17 Katase, Fujisawa, Kanagawa 251-0032, Japan",Kanagawa,35.3145575,139.4840276,http://maps.google.com/?cid=7479304809664832308,Kanagawa
太良峡,"Dairakozan, Fujisato, Yamamoto District, Akita 018-3202, Japan",Akita,40.3960481,140.297451,http://maps.google.com/?cid=2580895679340489572,Akita
奥赤石展望所,"Ajigasawa, Nishitsugaru District, Aomori 038-2723, Japan",Aomori,40.5759238,140.1347686,http://maps.google.com/?cid=11309801255393182167,Aomori
室堂山展望台,"Ashikuraji, Tateyama, Nakaniikawa District, Toyama 930-1406, Japan",Toyama,36.5680359,137.6006941,http://maps.google.com/?cid=6288105691063843075,Toyama
嶋鮨,"1 Chome-2-8 Kajimachi, Kokurakita Ward, Kitakyushu, Fukuoka 802-0004, Japan",Akita,33.883207,130.881863,http://maps.google.com/?cid=5062769366830239319,Akita
桑風庵 本店,"1195 Fujimimachi Akagisan, Maebashi, Gunma 371-0101, Japan",Gunma,36.4853087,139.1136641,http://maps.google.com/?cid=6135236903169953267,Gunma
歩く鳥,"8-1 Shogoin Higashijiryocho, Sakyo Ward, Kyoto, 606-8394, Japan",Kyoto,35.0153231,135.7734134,http://maps.google.com/?cid=474582234193367160,Kyoto
淡路鯛 空,"1311-7 Kamaguchi, Awaji, Hyogo 656-2334, Japan",Hyogo,34.4963678,134.9697661,http://maps.google.com/?cid=17973965695771490301,Hyogo
焼肉 炎壽,"2 Chome-7-11 Tojin, Saga, 840-0813, Japan",Saga,33.2591111,130.2991269,http://maps.google.com/?cid=6718282285334148235,Saga
百段苑,"2 Yumebutai, Awaji, Hyogo 656-2306, Japan",Hyogo,34.5608768,135.0068917,http://maps.google.com/?cid=9306460257928837963,Hyogo
芙蓉,"1082 Shuzenji, Izu, Shizuoka 410-2416, Japan",Shizuoka,34.9710661,138.9233202,http://maps.google.com/?cid=4101221165869781352,Shizuoka
酒と旅 ガリンペイロ GARIMPEIRO:WINE AND COCKTAILS,"Nishizato-567 Hirara, Miyakojima, Okinawa 906-0012, Japan",Okinawa,24.802419,125.283253,http://maps.google.com/?cid=15298399382541758781,Okinawa
金山テラス,"155-13 Fumoto, Fujinomiya, Shizuoka 418-0109, Japan",Shizuoka,35.4009314,138.5611475,http://maps.google.com/?cid=7838162094989478097,Shizuoka